Name,Code,Easting,Northing,Elevation,Description,Longitude,Latitude,Ellipsoidal height,Origin,Easting RMS,Northing RMS,Elevation RMS,Lateral RMS,Antenna height,Antenna height units,Solution status,Averaging start,Averaging end,Samples,PDOP,GDOP,Base easting,Base northing,Base elevation,Base longitude,Base latitude,Base ellipsoidal height,Baseline,Mount point,CS name,GPS Satellites,GLONASS Satellites,Galileo Satellites,BeiDou Satellites,QZSS Satellites
101a,,,,,,-114.01151358,46.67871782,1132.118,Global,,,,,,m,,,,,,,,,,,,,,,Global CS,,,,,
102a,,,,,,-114.01144104,46.67871593,1133.164,Global,,,,,,m,,,,,,,,,,,,,,,Global CS,,,,,
103a,,,,,,-114.01136849,46.67871403,1134.479,Global,,,,,,m,,,,,,,,,,,,,,,Global CS,,,,,
104a,,,,,,-114.01129595,46.67871213,1135.638,Global,,,,,,m,,,,,,,,,,,,,,,Global CS,,,,,
105a,,,,,,-114.0112234,46.67871024,1136.868,Global,,,,,,m,,,,,,,,,,,,,,,Global CS,,,,,
108a,,,,,,-114.01100577,46.67870455,1140.173,Global,,,,,,m,,,,,,,,,,,,,,,Global CS,,,,,
111a,,,,,,-114.01151082,46.67876775,1132.003,Global,,,,,,m,,,,,,,,,,,,,,,Global CS,,,,,
112a,,,,,,-114.01143828,46.67876586,1133.126,Global,,,,,,m,,,,,,,,,,,,,,,Global CS,,,,,
114a,,,,,,-114.01129319,46.67876206,1135.646,Global,,,,,,m,,,,,,,,,,,,,,,Global CS,,,,,
115a,,,,,,-114.01122065,46.67876017,1136.672,Global,,,,,,m,,,,,,,,,,,,,,,Global CS,,,,,
116a,,,,,,-114.0111481,46.67875827,1137.579,Global,,,,,,m,,,,,,,,,,,,,,,Global CS,,,,,
117a,,,,,,-114.01107556,46.67875637,1138.46,Global,,,,,,m,,,,,,,,,,,,,,,Global CS,,,,,
118a,,,,,,-114.01100302,46.67875448,1139.854,Global,,,,,,m,,,,,,,,,,,,,,,Global CS,,,,,
119a,,,,,,-114.01093047,46.67875258,1140.983,Global,,,,,,m,,,,,,,,,,,,,,,Global CS,,,,,
120a,,,,,,-114.01085793,46.67875068,1142.257,Global,,,,,,m,,,,,,,,,,,,,,,Global CS,,,,,
122a,,,,,,-114.01143552,46.67881579,1133.209,Global,,,,,,m,,,,,,,,,,,,,,,Global CS,,,,,
123a,,,,,,-114.01136298,46.67881389,1134.267,Global,,,,,,m,,,,,,,,,,,,,,,Global CS,,,,,
124a,,,,,,-114.01129044,46.67881199,1135.422,Global,,,,,,m,,,,,,,,,,,,,,,Global CS,,,,,
125a,,,,,,-114.01121789,46.6788101,1136.443,Global,,,,,,m,,,,,,,,,,,,,,,Global CS,,,,,
126a,,,,,,-114.01114535,46.6788082,1137.451,Global,,,,,,m,,,,,,,,,,,,,,,Global CS,,,,,
127a,,,,,,-114.0110728,46.6788063,1138.397,Global,,,,,,m,,,,,,,,,,,,,,,Global CS,,,,,
128a,,,,,,-114.01100026,46.67880441,1139.47,Global,,,,,,m,,,,,,,,,,,,,,,Global CS,,,,,
129a,,,,,,-114.01092772,46.67880251,1140.885,Global,,,,,,m,,,,,,,,,,,,,,,Global CS,,,,,
130a,,,,,,-114.01085517,46.67880061,1142.045,Global,,,,,,m,,,,,,,,,,,,,,,Global CS,,,,,
131a,,,,,,-114.01150531,46.67886761,1132.003,Global,,,,,,m,,,,,,,,,,,,,,,Global CS,,,,,
132a,,,,,,-114.01143277,46.67886572,1133.146,Global,,,,,,m,,,,,,,,,,,,,,,Global CS,,,,,
133a,,,,,,-114.01136023,46.67886382,1134.231,Global,,,,,,m,,,,,,,,,,,,,,,Global CS,,,,,
134a,,,,,,-114.01128768,46.67886192,1135.166,Global,,,,,,m,,,,,,,,,,,,,,,Global CS,,,,,
135a,,,,,,-114.01121514,46.67886003,1136.299,Global,,,,,,m,,,,,,,,,,,,,,,Global CS,,,,,
136a,,,,,,-114.01114259,46.67885813,1137.244,Global,,,,,,m,,,,,,,,,,,,,,,Global CS,,,,,
137a,,,,,,-114.01107005,46.67885623,1138.21,Global,,,,,,m,,,,,,,,,,,,,,,Global CS,,,,,
138a,,,,,,-114.0109975,46.67885434,1139.224,Global,,,,,,m,,,,,,,,,,,,,,,Global CS,,,,,
139a,,,,,,-114.01092496,46.67885244,1140.711,Global,,,,,,m,,,,,,,,,,,,,,,Global CS,,,,,
140a,,,,,,-114.01085242,46.67885054,1142.021,Global,,,,,,m,,,,,,,,,,,,,,,Global CS,,,,,
141a,,,,,,-114.01150256,46.67891754,1132.095,Global,,,,,,m,,,,,,,,,,,,,,,Global CS,,,,,
142a,,,,,,-114.01143001,46.67891565,1133.111,Global,,,,,,m,,,,,,,,,,,,,,,Global CS,,,,,
143a,,,,,,-114.01135747,46.67891375,1134.189,Global,,,,,,m,,,,,,,,,,,,,,,Global CS,,,,,
144a,,,,,,-114.01128493,46.67891185,1135.035,Global,,,,,,m,,,,,,,,,,,,,,,Global CS,,,,,
145a,,,,,,-114.01121238,46.67890996,1136.088,Global,,,,,,m,,,,,,,,,,,,,,,Global CS,,,,,
146a,,,,,,-114.01113984,46.67890806,1137.173,Global,,,,,,m,,,,,,,,,,,,,,,Global CS,,,,,
147a,,,,,,-114.01106729,46.67890616,1138.025,Global,,,,,,m,,,,,,,,,,,,,,,Global CS,,,,,
148a,,,,,,-114.01099475,46.67890427,1139.208,Global,,,,,,m,,,,,,,,,,,,,,,Global CS,,,,,
149a,,,,,,-114.0109222,46.67890237,1140.4,Global,,,,,,m,,,,,,,,,,,,,,,Global CS,,,,,
150a,,,,,,-114.01084966,46.67890047,1141.803,Global,,,,,,m,,,,,,,,,,,,,,,Global CS,,,,,
151a,,,,,,-114.0114998,46.67896747,1132.021,Global,,,,,,m,,,,,,,,,,,,,,,Global CS,,,,,
152a,,,,,,-114.01142726,46.67896557,1133.19,Global,,,,,,m,,,,,,,,,,,,,,,Global CS,,,,,
153a,,,,,,-114.01135471,46.67896368,1134.065,Global,,,,,,m,,,,,,,,,,,,,,,Global CS,,,,,
154a,,,,,,-114.01128217,46.67896178,1135.082,Global,,,,,,m,,,,,,,,,,,,,,,Global CS,,,,,
155a,,,,,,-114.01120963,46.67895989,1135.961,Global,,,,,,m,,,,,,,,,,,,,,,Global CS,,,,,
157a,,,,,,-114.01106454,46.67895609,1137.949,Global,,,,,,m,,,,,,,,,,,,,,,Global CS,,,,,
158a,,,,,,-114.01099199,46.6789542,1139.001,Global,,,,,,m,,,,,,,,,,,,,,,Global CS,,,,,
160a,,,,,,-114.0108469,46.6789504,1141.552,Global,,,,,,m,,,,,,,,,,,,,,,Global CS,,,,,
161a,,,,,,-114.01149705,46.6790174,1131.947,Global,,,,,,m,,,,,,,,,,,,,,,Global CS,,,,,
162a,,,,,,-114.0114245,46.6790155,1133.105,Global,,,,,,m,,,,,,,,,,,,,,,Global CS,,,,,
163a,,,,,,-114.01135196,46.67901361,1134.01,Global,,,,,,m,,,,,,,,,,,,,,,Global CS,,,,,
164a,,,,,,-114.01127941,46.67901171,1134.977,Global,,,,,,m,,,,,,,,,,,,,,,Global CS,,,,,
165a,,,,,,-114.01120687,46.67900981,1135.994,Global,,,,,,m,,,,,,,,,,,,,,,Global CS,,,,,
166a,,,,,,-114.01113433,46.67900792,1136.931,Global,,,,,,m,,,,,,,,,,,,,,,Global CS,,,,,
167a,,,,,,-114.01106178,46.67900602,1137.927,Global,,,,,,m,,,,,,,,,,,,,,,Global CS,,,,,
168a,,,,,,-114.01098924,46.67900412,1138.848,Global,,,,,,m,,,,,,,,,,,,,,,Global CS,,,,,
170a,,,,,,-114.01084415,46.67900033,1141.369,Global,,,,,,m,,,,,,,,,,,,,,,Global CS,,,,,
171a,,,,,,-114.01149429,46.67906733,1132.019,Global,,,,,,m,,,,,,,,,,,,,,,Global CS,,,,,
172a,,,,,,-114.01142175,46.67906543,1133.058,Global,,,,,,m,,,,,,,,,,,,,,,Global CS,,,,,
173a,,,,,,-114.0113492,46.67906354,1134.043,Global,,,,,,m,,,,,,,,,,,,,,,Global CS,,,,,
174a,,,,,,-114.01127666,46.67906164,1134.909,Global,,,,,,m,,,,,,,,,,,,,,,Global CS,,,,,
176a,,,,,,-114.01113157,46.67905785,1136.811,Global,,,,,,m,,,,,,,,,,,,,,,Global CS,,,,,
177a,,,,,,-114.01105903,46.67905595,1137.882,Global,,,,,,m,,,,,,,,,,,,,,,Global CS,,,,,
178a,,,,,,-114.01098648,46.67905405,1138.955,Global,,,,,,m,,,,,,,,,,,,,,,Global CS,,,,,
181a,,,,,,-114.01149154,46.67911726,1131.932,Global,,,,,,m,,,,,,,,,,,,,,,Global CS,,,,,
182a,,,,,,-114.01141899,46.67911536,1132.984,Global,,,,,,m,,,,,,,,,,,,,,,Global CS,,,,,
183a,,,,,,-114.01134645,46.67911347,1133.964,Global,,,,,,m,,,,,,,,,,,,,,,Global CS,,,,,
184a,,,,,,-114.0112739,46.67911157,1134.958,Global,,,,,,m,,,,,,,,,,,,,,,Global CS,,,,,
185a,,,,,,-114.01120136,46.67910967,1135.734,Global,,,,,,m,,,,,,,,,,,,,,,Global CS,,,,,
186a,,,,,,-114.01112881,46.67910778,1136.829,Global,,,,,,m,,,,,,,,,,,,,,,Global CS,,,,,
187a,,,,,,-114.01105627,46.67910588,1137.779,Global,,,,,,m,,,,,,,,,,,,,,,Global CS,,,,,
188a,,,,,,-114.01098373,46.67910398,1138.882,Global,,,,,,m,,,,,,,,,,,,,,,Global CS,,,,,
189a,,,,,,-114.01091118,46.67910209,1139.949,Global,,,,,,m,,,,,,,,,,,,,,,Global CS,,,,,
190a,,,,,,-114.01083864,46.67910019,1141.186,Global,,,,,,m,,,,,,,,,,,,,,,Global CS,,,,,
191a,,,,,,-114.01148878,46.67916719,1131.838,Global,,,,,,m,,,,,,,,,,,,,,,Global CS,,,,,
192a,,,,,,-114.01141624,46.67916529,1133.015,Global,,,,,,m,,,,,,,,,,,,,,,Global CS,,,,,
193a,,,,,,-114.01134369,46.6791634,1133.888,Global,,,,,,m,,,,,,,,,,,,,,,Global CS,,,,,
194a,,,,,,-114.01127115,46.6791615,1134.821,Global,,,,,,m,,,,,,,,,,,,,,,Global CS,,,,,
196a,,,,,,-114.01112606,46.67915771,1136.797,Global,,,,,,m,,,,,,,,,,,,,,,Global CS,,,,,
197a,,,,,,-114.01105351,46.67915581,1137.815,Global,,,,,,m,,,,,,,,,,,,,,,Global CS,,,,,
198a,,,,,,-114.01098097,46.67915391,1138.784,Global,,,,,,m,,,,,,,,,,,,,,,Global CS,,,,,
200a,,,,,,-114.01083588,46.67915012,1141.074,Global,,,,,,m,,,,,,,,,,,,,,,Global CS,,,,,
301a,,,,,,-114.01105909,46.67510583,1125.53,Global,,,,,,m,,,,,,,,,,,,,,,Global CS,,,,,
303a,,,,,,-114.01091401,46.67510204,1126.953,Global,,,,,,m,,,,,,,,,,,,,,,Global CS,,,,,
304a,,,,,,-114.01084147,46.67510014,1127.728,Global,,,,,,m,,,,,,,,,,,,,,,Global CS,,,,,
305a,,,,,,-114.01076893,46.67509825,1128.524,Global,,,,,,m,,,,,,,,,,,,,,,Global CS,,,,,
306a,,,,,,-114.01069639,46.67509635,1129.264,Global,,,,,,m,,,,,,,,,,,,,,,Global CS,,,,,
307a,,,,,,-114.01062386,46.67509445,1130.098,Global,,,,,,m,,,,,,,,,,,,,,,Global CS,,,,,
309a,,,,,,-114.01047878,46.67509066,1131.864,Global,,,,,,m,,,,,,,,,,,,,,,Global CS,,,,,
310a,,,,,,-114.01040624,46.67508876,1132.734,Global,,,,,,m,,,,,,,,,,,,,,,Global CS,,,,,
311a,,,,,,-114.01105633,46.67515576,1125.477,Global,,,,,,m,,,,,,,,,,,,,,,Global CS,,,,,
312a,,,,,,-114.0109838,46.67515387,1126.252,Global,,,,,,m,,,,,,,,,,,,,,,Global CS,,,,,
314a,,,,,,-114.01083872,46.67515007,1127.607,Global,,,,,,m,,,,,,,,,,,,,,,Global CS,,,,,
315a,,,,,,-114.01076618,46.67514818,1128.531,Global,,,,,,m,,,,,,,,,,,,,,,Global CS,,,,,
316a,,,,,,-114.01069364,46.67514628,1129.213,Global,,,,,,m,,,,,,,,,,,,,,,Global CS,,,,,
318a,,,,,,-114.01054856,46.67514249,1130.921,Global,,,,,,m,,,,,,,,,,,,,,,Global CS,,,,,
319a,,,,,,-114.01047602,46.67514059,1131.849,Global,,,,,,m,,,,,,,,,,,,,,,Global CS,,,,,
320a,,,,,,-114.01040348,46.67513869,1132.662,Global,,,,,,m,,,,,,,,,,,,,,,Global CS,,,,,
321a,,,,,,-114.01105358,46.67520569,1125.471,Global,,,,,,m,,,,,,,,,,,,,,,Global CS,,,,,
323a,,,,,,-114.0109085,46.6752019,1126.984,Global,,,,,,m,,,,,,,,,,,,,,,Global CS,,,,,
324a,,,,,,-114.01083596,46.6752,1127.624,Global,,,,,,m,,,,,,,,,,,,,,,Global CS,,,,,
325a,,,,,,-114.01076342,46.67519811,1128.414,Global,,,,,,m,,,,,,,,,,,,,,,Global CS,,,,,
326a,,,,,,-114.01069088,46.67519621,1129.089,Global,,,,,,m,,,,,,,,,,,,,,,Global CS,,,,,
327a,,,,,,-114.01061834,46.67519431,1129.966,Global,,,,,,m,,,,,,,,,,,,,,,Global CS,,,,,
328a,,,,,,-114.01054581,46.67519242,1130.841,Global,,,,,,m,,,,,,,,,,,,,,,Global CS,,,,,
329a,,,,,,-114.01047327,46.67519052,1131.645,Global,,,,,,m,,,,,,,,,,,,,,,Global CS,,,,,
330a,,,,,,-114.01040073,46.67518862,1132.59,Global,,,,,,m,,,,,,,,,,,,,,,Global CS,,,,,
331a,,,,,,-114.01105082,46.67525562,1125.148,Global,,,,,,m,,,,,,,,,,,,,,,Global CS,,,,,
333a,,,,,,-114.01090575,46.67525183,1126.887,Global,,,,,,m,,,,,,,,,,,,,,,Global CS,,,,,
334a,,,,,,-114.01083321,46.67524993,1127.66,Global,,,,,,m,,,,,,,,,,,,,,,Global CS,,,,,
335a,,,,,,-114.01076067,46.67524803,1128.324,Global,,,,,,m,,,,,,,,,,,,,,,Global CS,,,,,
336a,,,,,,-114.01068813,46.67524614,1129.142,Global,,,,,,m,,,,,,,,,,,,,,,Global CS,,,,,
337a,,,,,,-114.01061559,46.67524424,1129.91,Global,,,,,,m,,,,,,,,,,,,,,,Global CS,,,,,
339a,,,,,,-114.01047051,46.67524045,1131.554,Global,,,,,,m,,,,,,,,,,,,,,,Global CS,,,,,
340a,,,,,,-114.01039797,46.67523855,1132.486,Global,,,,,,m,,,,,,,,,,,,,,,Global CS,,,,,
341a,,,,,,-114.01104807,46.67530555,1125.321,Global,,,,,,m,,,,,,,,,,,,,,,Global CS,,,,,
342a,,,,,,-114.01097553,46.67530365,1125.925,Global,,,,,,m,,,,,,,,,,,,,,,Global CS,,,,,
344a,,,,,,-114.01083045,46.67529986,1127.649,Global,,,,,,m,,,,,,,,,,,,,,,Global CS,,,,,
345a,,,,,,-114.01075791,46.67529796,1128.28,Global,,,,,,m,,,,,,,,,,,,,,,Global CS,,,,,
346a,,,,,,-114.01068537,46.67529607,1129.081,Global,,,,,,m,,,,,,,,,,,,,,,Global CS,,,,,
348a,,,,,,-114.01054029,46.67529227,1130.716,Global,,,,,,m,,,,,,,,,,,,,,,Global CS,,,,,
349a,,,,,,-114.01046775,46.67529038,1131.522,Global,,,,,,m,,,,,,,,,,,,,,,Global CS,,,,,
350a,,,,,,-114.01039521,46.67528848,1132.353,Global,,,,,,m,,,,,,,,,,,,,,,Global CS,,,,,
351a,,,,,,-114.01104531,46.67535548,1125.184,Global,,,,,,m,,,,,,,,,,,,,,,Global CS,,,,,
352a,,,,,,-114.01097277,46.67535358,1126.062,Global,,,,,,m,,,,,,,,,,,,,,,Global CS,,,,,
353a,,,,,,-114.01090023,46.67535169,1126.746,Global,,,,,,m,,,,,,,,,,,,,,,Global CS,,,,,
354a,,,,,,-114.01082769,46.67534979,1127.324,Global,,,,,,m,,,,,,,,,,,,,,,Global CS,,,,,
355a,,,,,,-114.01075516,46.67534789,1128.383,Global,,,,,,m,,,,,,,,,,,,,,,Global CS,,,,,
356a,,,,,,-114.01068262,46.675346,1129.0,Global,,,,,,m,,,,,,,,,,,,,,,Global CS,,,,,
357a,,,,,,-114.01061008,46.6753441,1129.794,Global,,,,,,m,,,,,,,,,,,,,,,Global CS,,,,,
358a,,,,,,-114.01053754,46.6753422,1130.557,Global,,,,,,m,,,,,,,,,,,,,,,Global CS,,,,,
359a,,,,,,-114.010465,46.67534031,1131.426,Global,,,,,,m,,,,,,,,,,,,,,,Global CS,,,,,
363a,,,,,,-114.01089748,46.67540162,1126.805,Global,,,,,,m,,,,,,,,,,,,,,,Global CS,,,,,
364a,,,,,,-114.01082494,46.67539972,1127.5,Global,,,,,,m,,,,,,,,,,,,,,,Global CS,,,,,
365a,,,,,,-114.0107524,46.67539782,1127.904,Global,,,,,,m,,,,,,,,,,,,,,,Global CS,,,,,
366a,,,,,,-114.01067986,46.67539593,1129.039,Global,,,,,,m,,,,,,,,,,,,,,,Global CS,,,,,
367a,,,,,,-114.01060732,46.67539403,1129.706,Global,,,,,,m,,,,,,,,,,,,,,,Global CS,,,,,
368a,,,,,,-114.01053478,46.67539213,1130.543,Global,,,,,,m,,,,,,,,,,,,,,,Global CS,,,,,
370a,,,,,,-114.0103897,46.67538834,1132.158,Global,,,,,,m,,,,,,,,,,,,,,,Global CS,,,,,
371a,,,,,,-114.0110398,46.67545534,1125.022,Global,,,,,,m,,,,,,,,,,,,,,,Global CS,,,,,
372a,,,,,,-114.01096726,46.67545344,1125.849,Global,,,,,,m,,,,,,,,,,,,,,,Global CS,,,,,
373a,,,,,,-114.01089472,46.67545155,1126.659,Global,,,,,,m,,,,,,,,,,,,,,,Global CS,,,,,
374a,,,,,,-114.01082218,46.67544965,1127.56,Global,,,,,,m,,,,,,,,,,,,,,,Global CS,,,,,
375a,,,,,,-114.01074964,46.67544775,1128.265,Global,,,,,,m,,,,,,,,,,,,,,,Global CS,,,,,
376a,,,,,,-114.0106771,46.67544586,1128.51,Global,,,,,,m,,,,,,,,,,,,,,,Global CS,,,,,
378a,,,,,,-114.01053203,46.67544206,1130.414,Global,,,,,,m,,,,,,,,,,,,,,,Global CS,,,,,
379a,,,,,,-114.01045949,46.67544017,1131.161,Global,,,,,,m,,,,,,,,,,,,,,,Global CS,,,,,
380a,,,,,,-114.01038695,46.67543827,1132.0,Global,,,,,,m,,,,,,,,,,,,,,,Global CS,,,,,
381a,,,,,,-114.01103705,46.67550527,1124.841,Global,,,,,,m,,,,,,,,,,,,,,,Global CS,,,,,
382a,,,,,,-114.01096451,46.67550337,1125.7,Global,,,,,,m,,,,,,,,,,,,,,,Global CS,,,,,
383a,,,,,,-114.01089197,46.67550148,1126.494,Global,,,,,,m,,,,,,,,,,,,,,,Global CS,,,,,
384a,,,,,,-114.01081943,46.67549958,1127.383,Global,,,,,,m,,,,,,,,,,,,,,,Global CS,,,,,
385a,,,,,,-114.01074689,46.67549768,1128.213,Global,,,,,,m,,,,,,,,,,,,,,,Global CS,,,,,
386a,,,,,,-114.01067435,46.67549579,1128.933,Global,,,,,,m,,,,,,,,,,,,,,,Global CS,,,,,
387a,,,,,,-114.01060181,46.67549389,1129.254,Global,,,,,,m,,,,,,,,,,,,,,,Global CS,,,,,
389a,,,,,,-114.01045673,46.67549009,1131.081,Global,,,,,,m,,,,,,,,,,,,,,,Global CS,,,,,
390a,,,,,,-114.01038419,46.6754882,1131.857,Global,,,,,,m,,,,,,,,,,,,,,,Global CS,,,,,
391a,,,,,,-114.01103429,46.6755552,1124.843,Global,,,,,,m,,,,,,,,,,,,,,,Global CS,,,,,
392a,,,,,,-114.01096175,46.6755533,1125.577,Global,,,,,,m,,,,,,,,,,,,,,,Global CS,,,,,
395a,,,,,,-114.01074413,46.67554761,1128.091,Global,,,,,,m,,,,,,,,,,,,,,,Global CS,,,,,
396a,,,,,,-114.01067159,46.67554571,1128.714,Global,,,,,,m,,,,,,,,,,,,,,,Global CS,,,,,
398a,,,,,,-114.01052651,46.67554192,1129.969,Global,,,,,,m,,,,,,,,,,,,,,,Global CS,,,,,
399a,,,,,,-114.01045397,46.67554002,1130.679,Global,,,,,,m,,,,,,,,,,,,,,,Global CS,,,,,
400a,,,,,,-114.01038143,46.67553813,1131.811,Global,,,,,,m,,,,,,,,,,,,,,,Global CS,,,,,
502a,,,,,,-114.00885428,46.67819826,1172.691,Global,,,,,,m,,,,,,,,,,,,,,,Global CS,,,,,
504a,,,,,,-114.00870919,46.67819447,1174.208,Global,,,,,,m,,,,,,,,,,,,,,,Global CS,,,,,
506a,,,,,,-114.00856411,46.67819067,1175.203,Global,,,,,,m,,,,,,,,,,,,,,,Global CS,,,,,
507a,,,,,,-114.00849156,46.67818877,1175.836,Global,,,,,,m,,,,,,,,,,,,,,,Global CS,,,,,
509a,,,,,,-114.00834648,46.67818497,1176.912,Global,,,,,,m,,,,,,,,,,,,,,,Global CS,,,,,
510a,,,,,,-114.00827393,46.67818308,1177.405,Global,,,,,,m,,,,,,,,,,,,,,,Global CS,,,,,
512a,,,,,,-114.00885152,46.67824819,1173.498,Global,,,,,,m,,,,,,,,,,,,,,,Global CS,,,,,
514a,,,,,,-114.00870643,46.6782444,1174.892,Global,,,,,,m,,,,,,,,,,,,,,,Global CS,,,,,
515a,,,,,,-114.00863389,46.6782425,1175.515,Global,,,,,,m,,,,,,,,,,,,,,,Global CS,,,,,
518a,,,,,,-114.00841626,46.6782368,1177.253,Global,,,,,,m,,,,,,,,,,,,,,,Global CS,,,,,
519a,,,,,,-114.00834372,46.6782349,1177.808,Global,,,,,,m,,,,,,,,,,,,,,,Global CS,,,,,
521a,,,,,,-114.00892131,46.67830002,1173.71,Global,,,,,,m,,,,,,,,,,,,,,,Global CS,,,,,
522a,,,,,,-114.00884876,46.67829812,1174.279,Global,,,,,,m,,,,,,,,,,,,,,,Global CS,,,,,
523a,,,,,,-114.00877622,46.67829622,1174.993,Global,,,,,,m,,,,,,,,,,,,,,,Global CS,,,,,
524a,,,,,,-114.00870368,46.67829432,1175.688,Global,,,,,,m,,,,,,,,,,,,,,,Global CS,,,,,
526a,,,,,,-114.00855859,46.67829053,1176.912,Global,,,,,,m,,,,,,,,,,,,,,,Global CS,,,,,
528a,,,,,,-114.0084135,46.67828673,1178.057,Global,,,,,,m,,,,,,,,,,,,,,,Global CS,,,,,
529a,,,,,,-114.00834096,46.67828483,1178.573,Global,,,,,,m,,,,,,,,,,,,,,,Global CS,,,,,
531a,,,,,,-114.00891855,46.67834995,1174.177,Global,,,,,,m,,,,,,,,,,,,,,,Global CS,,,,,
533a,,,,,,-114.00877346,46.67834615,1175.833,Global,,,,,,m,,,,,,,,,,,,,,,Global CS,,,,,
534a,,,,,,-114.00870092,46.67834425,1176.759,Global,,,,,,m,,,,,,,,,,,,,,,Global CS,,,,,
535a,,,,,,-114.00862838,46.67834236,1177.234,Global,,,,,,m,,,,,,,,,,,,,,,Global CS,,,,,
536a,,,,,,-114.00855583,46.67834046,1177.679,Global,,,,,,m,,,,,,,,,,,,,,,Global CS,,,,,
537a,,,,,,-114.00848329,46.67833856,1178.237,Global,,,,,,m,,,,,,,,,,,,,,,Global CS,,,,,
539a,,,,,,-114.0083382,46.67833476,1179.419,Global,,,,,,m,,,,,,,,,,,,,,,Global CS,,,,,
540a,,,,,,-114.00826566,46.67833286,1180.193,Global,,,,,,m,,,,,,,,,,,,,,,Global CS,,,,,
541a,,,,,,-114.00891579,46.67839988,1174.424,Global,,,,,,m,,,,,,,,,,,,,,,Global CS,,,,,
542a,,,,,,-114.00884325,46.67839798,1175.273,Global,,,,,,m,,,,,,,,,,,,,,,Global CS,,,,,
543a,,,,,,-114.0087707,46.67839608,1176.433,Global,,,,,,m,,,,,,,,,,,,,,,Global CS,,,,,
545a,,,,,,-114.00862562,46.67839228,1178.003,Global,,,,,,m,,,,,,,,,,,,,,,Global CS,,,,,
548a,,,,,,-114.00840799,46.67838659,1179.688,Global,,,,,,m,,,,,,,,,,,,,,,Global CS,,,,,
549a,,,,,,-114.00833544,46.67838469,1180.628,Global,,,,,,m,,,,,,,,,,,,,,,Global CS,,,,,
550a,,,,,,-114.0082629,46.67838279,1181.263,Global,,,,,,m,,,,,,,,,,,,,,,Global CS,,,,,
551a,,,,,,-114.00891303,46.67844981,1174.675,Global,,,,,,m,,,,,,,,,,,,,,,Global CS,,,,,
552a,,,,,,-114.00884049,46.67844791,1175.463,Global,,,,,,m,,,,,,,,,,,,,,,Global CS,,,,,
553a,,,,,,-114.00876795,46.67844601,1176.463,Global,,,,,,m,,,,,,,,,,,,,,,Global CS,,,,,
554a,,,,,,-114.0086954,46.67844411,1177.444,Global,,,,,,m,,,,,,,,,,,,,,,Global CS,,,,,
555a,,,,,,-114.00862286,46.67844221,1178.196,Global,,,,,,m,,,,,,,,,,,,,,,Global CS,,,,,
556a,,,,,,-114.00855032,46.67844032,1178.643,Global,,,,,,m,,,,,,,,,,,,,,,Global CS,,,,,
557a,,,,,,-114.00847777,46.67843842,1179.423,Global,,,,,,m,,,,,,,,,,,,,,,Global CS,,,,,
558a,,,,,,-114.00840523,46.67843652,1180.627,Global,,,,,,m,,,,,,,,,,,,,,,Global CS,,,,,
559a,,,,,,-114.00833269,46.67843462,1181.602,Global,,,,,,m,,,,,,,,,,,,,,,Global CS,,,,,
560a,,,,,,-114.00826014,46.67843272,1182.503,Global,,,,,,m,,,,,,,,,,,,,,,Global CS,,,,,
563a,,,,,,-114.00876519,46.67849594,1176.462,Global,,,,,,m,,,,,,,,,,,,,,,Global CS,,,,,
564a,,,,,,-114.00869264,46.67849404,1177.458,Global,,,,,,m,,,,,,,,,,,,,,,Global CS,,,,,
565a,,,,,,-114.0086201,46.67849214,1178.149,Global,,,,,,m,,,,,,,,,,,,,,,Global CS,,,,,
566a,,,,,,-114.00854756,46.67849025,1178.831,Global,,,,,,m,,,,,,,,,,,,,,,Global CS,,,,,
567a,,,,,,-114.00847501,46.67848835,1179.696,Global,,,,,,m,,,,,,,,,,,,,,,Global CS,,,,,
568a,,,,,,-114.00840247,46.67848645,1181.087,Global,,,,,,m,,,,,,,,,,,,,,,Global CS,,,,,
569a,,,,,,-114.00832993,46.67848455,1182.246,Global,,,,,,m,,,,,,,,,,,,,,,Global CS,,,,,
570a,,,,,,-114.00825738,46.67848265,1183.309,Global,,,,,,m,,,,,,,,,,,,,,,Global CS,,,,,
571a,,,,,,-114.00890752,46.67854967,1174.618,Global,,,,,,m,,,,,,,,,,,,,,,Global CS,,,,,
573a,,,,,,-114.00876243,46.67854587,1176.366,Global,,,,,,m,,,,,,,,,,,,,,,Global CS,,,,,
574a,,,,,,-114.00868989,46.67854397,1177.292,Global,,,,,,m,,,,,,,,,,,,,,,Global CS,,,,,
575a,,,,,,-114.00861734,46.67854207,1178.233,Global,,,,,,m,,,,,,,,,,,,,,,Global CS,,,,,
577a,,,,,,-114.00847226,46.67853828,1180.121,Global,,,,,,m,,,,,,,,,,,,,,,Global CS,,,,,
578a,,,,,,-114.00839971,46.67853638,1181.38,Global,,,,,,m,,,,,,,,,,,,,,,Global CS,,,,,
579a,,,,,,-114.00832717,46.67853448,1182.61,Global,,,,,,m,,,,,,,,,,,,,,,Global CS,,,,,
580a,,,,,,-114.00825463,46.67853258,1183.676,Global,,,,,,m,,,,,,,,,,,,,,,Global CS,,,,,
581a,,,,,,-114.00890476,46.67859959,1174.715,Global,,,,,,m,,,,,,,,,,,,,,,Global CS,,,,,
583a,,,,,,-114.00875967,46.6785958,1176.391,Global,,,,,,m,,,,,,,,,,,,,,,Global CS,,,,,
584a,,,,,,-114.00868713,46.6785939,1177.27,Global,,,,,,m,,,,,,,,,,,,,,,Global CS,,,,,
585a,,,,,,-114.00861459,46.678592,1178.179,Global,,,,,,m,,,,,,,,,,,,,,,Global CS,,,,,
587a,,,,,,-114.0084695,46.67858821,1180.113,Global,,,,,,m,,,,,,,,,,,,,,,Global CS,,,,,
588a,,,,,,-114.00839695,46.67858631,1181.451,Global,,,,,,m,,,,,,,,,,,,,,,Global CS,,,,,
589a,,,,,,-114.00832441,46.67858441,1182.563,Global,,,,,,m,,,,,,,,,,,,,,,Global CS,,,,,
592a,,,,,,-114.00882946,46.67864763,1175.413,Global,,,,,,m,,,,,,,,,,,,,,,Global CS,,,,,
593a,,,,,,-114.00875691,46.67864573,1176.288,Global,,,,,,m,,,,,,,,,,,,,,,Global CS,,,,,
594a,,,,,,-114.00868437,46.67864383,1177.317,Global,,,,,,m,,,,,,,,,,,,,,,Global CS,,,,,
598a,,,,,,-114.0083942,46.67863624,1181.592,Global,,,,,,m,,,,,,,,,,,,,,,Global CS,,,,,
599a,,,,,,-114.00832165,46.67863434,1182.622,Global,,,,,,m,,,,,,,,,,,,,,,Global CS,,,,,
600a,,,,,,-114.00824911,46.67863244,1183.565,Global,,,,,,m,,,,,,,,,,,,,,,Global CS,,,,,
601a,,,,,,-114.01304243,46.67470766,1115.091,Global,,,,,,m,,,,,,,,,,,,,,,Global CS,,,,,
603a,,,,,,-114.01289735,46.67470387,1115.443,Global,,,,,,m,,,,,,,,,,,,,,,Global CS,,,,,
605a,,,,,,-114.01275228,46.67470008,1116.018,Global,,,,,,m,,,,,,,,,,,,,,,Global CS,,,,,
606a,,,,,,-114.01267974,46.67469818,1116.198,Global,,,,,,m,,,,,,,,,,,,,,,Global CS,,,,,
609a,,,,,,-114.01246212,46.67469249,1116.924,Global,,,,,,m,,,,,,,,,,,,,,,Global CS,,,,,
610a,,,,,,-114.01238958,46.6746906,1117.216,Global,,,,,,m,,,,,,,,,,,,,,,Global CS,,,,,
901a,,,,,,-114.01284416,46.67830259,1112.45,Global,,,,,,m,,,,,,,,,,,,,,,Global CS,,,,,
902a,,,,,,-114.01277161,46.67830069,1113.324,Global,,,,,,m,,,,,,,,,,,,,,,Global CS,,,,,
903a,,,,,,-114.01269907,46.67829879,1114.462,Global,,,,,,m,,,,,,,,,,,,,,,Global CS,,,,,
904a,,,,,,-114.01262653,46.6782969,1115.89,Global,,,,,,m,,,,,,,,,,,,,,,Global CS,,,,,
906a,,,,,,-114.01248144,46.67829311,1118.165,Global,,,,,,m,,,,,,,,,,,,,,,Global CS,,,,,
907a,,,,,,-114.0124089,46.67829121,1119.368,Global,,,,,,m,,,,,,,,,,,,,,,Global CS,,,,,
908a,,,,,,-114.01233635,46.67828932,1120.734,Global,,,,,,m,,,,,,,,,,,,,,,Global CS,,,,,
909a,,,,,,-114.01226381,46.67828742,1121.624,Global,,,,,,m,,,,,,,,,,,,,,,Global CS,,,,,
911a,,,,,,-114.0128414,46.67835251,1112.38,Global,,,,,,m,,,,,,,,,,,,,,,Global CS,,,,,
912a,,,,,,-114.01276886,46.67835062,1113.375,Global,,,,,,m,,,,,,,,,,,,,,,Global CS,,,,,
913a,,,,,,-114.01269632,46.67834872,1114.373,Global,,,,,,m,,,,,,,,,,,,,,,Global CS,,,,,
914a,,,,,,-114.01262377,46.67834683,1115.716,Global,,,,,,m,,,,,,,,,,,,,,,Global CS,,,,,
915a,,,,,,-114.01255123,46.67834493,1116.854,Global,,,,,,m,,,,,,,,,,,,,,,Global CS,,,,,
916a,,,,,,-114.01247869,46.67834304,1118.06,Global,,,,,,m,,,,,,,,,,,,,,,Global CS,,,,,
917a,,,,,,-114.01240614,46.67834114,1119.451,Global,,,,,,m,,,,,,,,,,,,,,,Global CS,,,,,
918a,,,,,,-114.0123336,46.67833924,1120.653,Global,,,,,,m,,,,,,,,,,,,,,,Global CS,,,,,
919a,,,,,,-114.01226106,46.67833735,1121.677,Global,,,,,,m,,,,,,,,,,,,,,,Global CS,,,,,
921a,,,,,,-114.01283865,46.67840244,1112.443,Global,,,,,,m,,,,,,,,,,,,,,,Global CS,,,,,
922a,,,,,,-114.01276611,46.67840055,1113.337,Global,,,,,,m,,,,,,,,,,,,,,,Global CS,,,,,
923a,,,,,,-114.01269356,46.67839865,1114.474,Global,,,,,,m,,,,,,,,,,,,,,,Global CS,,,,,
925a,,,,,,-114.01254848,46.67839486,1116.885,Global,,,,,,m,,,,,,,,,,,,,,,Global CS,,,,,
926a,,,,,,-114.01247593,46.67839297,1117.998,Global,,,,,,m,,,,,,,,,,,,,,,Global CS,,,,,
927a,,,,,,-114.01240339,46.67839107,1119.279,Global,,,,,,m,,,,,,,,,,,,,,,Global CS,,,,,
928a,,,,,,-114.01233084,46.67838917,1120.571,Global,,,,,,m,,,,,,,,,,,,,,,Global CS,,,,,
929a,,,,,,-114.0122583,46.67838728,1121.662,Global,,,,,,m,,,,,,,,,,,,,,,Global CS,,,,,
930a,,,,,,-114.01218576,46.67838538,1122.509,Global,,,,,,m,,,,,,,,,,,,,,,Global CS,,,,,
931a,,,,,,-114.0128359,46.67845237,1112.46,Global,,,,,,m,,,,,,,,,,,,,,,Global CS,,,,,
932a,,,,,,-114.01276335,46.67845048,1113.312,Global,,,,,,m,,,,,,,,,,,,,,,Global CS,,,,,
933a,,,,,,-114.01269081,46.67844858,1114.421,Global,,,,,,m,,,,,,,,,,,,,,,Global CS,,,,,
934a,,,,,,-114.01261827,46.67844669,1115.484,Global,,,,,,m,,,,,,,,,,,,,,,Global CS,,,,,
935a,,,,,,-114.01254572,46.67844479,1116.767,Global,,,,,,m,,,,,,,,,,,,,,,Global CS,,,,,
936a,,,,,,-114.01247318,46.6784429,1118.032,Global,,,,,,m,,,,,,,,,,,,,,,Global CS,,,,,
937a,,,,,,-114.01240063,46.678441,1119.164,Global,,,,,,m,,,,,,,,,,,,,,,Global CS,,,,,
938a,,,,,,-114.01232809,46.6784391,1120.602,Global,,,,,,m,,,,,,,,,,,,,,,Global CS,,,,,
939a,,,,,,-114.01225555,46.67843721,1121.607,Global,,,,,,m,,,,,,,,,,,,,,,Global CS,,,,,
940a,,,,,,-114.012183,46.67843531,1122.509,Global,,,,,,m,,,,,,,,,,,,,,,Global CS,,,,,
941a,,,,,,-114.01283314,46.6785023,1112.505,Global,,,,,,m,,,,,,,,,,,,,,,Global CS,,,,,
942a,,,,,,-114.0127606,46.67850041,1113.494,Global,,,,,,m,,,,,,,,,,,,,,,Global CS,,,,,
943a,,,,,,-114.01268805,46.67849851,1114.35,Global,,,,,,m,,,,,,,,,,,,,,,Global CS,,,,,
944a,,,,,,-114.01261551,46.67849662,1115.567,Global,,,,,,m,,,,,,,,,,,,,,,Global CS,,,,,
945a,,,,,,-114.01254297,46.67849472,1116.637,Global,,,,,,m,,,,,,,,,,,,,,,Global CS,,,,,
946a,,,,,,-114.01247042,46.67849283,1117.917,Global,,,,,,m,,,,,,,,,,,,,,,Global CS,,,,,
947a,,,,,,-114.01239788,46.67849093,1119.079,Global,,,,,,m,,,,,,,,,,,,,,,Global CS,,,,,
948a,,,,,,-114.01232534,46.67848903,1120.503,Global,,,,,,m,,,,,,,,,,,,,,,Global CS,,,,,
949a,,,,,,-114.01225279,46.67848714,1121.693,Global,,,,,,m,,,,,,,,,,,,,,,Global CS,,,,,
950a,,,,,,-114.01218025,46.67848524,1122.503,Global,,,,,,m,,,,,,,,,,,,,,,Global CS,,,,,
951a,,,,,,-114.01283039,46.67855223,1112.459,Global,,,,,,m,,,,,,,,,,,,,,,Global CS,,,,,
952a,,,,,,-114.01275784,46.67855034,1113.456,Global,,,,,,m,,,,,,,,,,,,,,,Global CS,,,,,
953a,,,,,,-114.0126853,46.67854844,1114.369,Global,,,,,,m,,,,,,,,,,,,,,,Global CS,,,,,
954a,,,,,,-114.01261276,46.67854655,1115.5,Global,,,,,,m,,,,,,,,,,,,,,,Global CS,,,,,
955a,,,,,,-114.01254021,46.67854465,1116.697,Global,,,,,,m,,,,,,,,,,,,,,,Global CS,,,,,
956a,,,,,,-114.01246767,46.67854275,1117.827,Global,,,,,,m,,,,,,,,,,,,,,,Global CS,,,,,
957a,,,,,,-114.01239513,46.67854086,1119.101,Global,,,,,,m,,,,,,,,,,,,,,,Global CS,,,,,
959a,,,,,,-114.01225004,46.67853707,1121.603,Global,,,,,,m,,,,,,,,,,,,,,,Global CS,,,,,
960a,,,,,,-114.01217749,46.67853517,1122.475,Global,,,,,,m,,,,,,,,,,,,,,,Global CS,,,,,
961a,,,,,,-114.01282763,46.67860216,1112.575,Global,,,,,,m,,,,,,,,,,,,,,,Global CS,,,,,
962a,,,,,,-114.01275509,46.67860027,1113.453,Global,,,,,,m,,,,,,,,,,,,,,,Global CS,,,,,
963a,,,,,,-114.01268255,46.67859837,1114.461,Global,,,,,,m,,,,,,,,,,,,,,,Global CS,,,,,
964a,,,,,,-114.01261,46.67859648,1115.463,Global,,,,,,m,,,,,,,,,,,,,,,Global CS,,,,,
965a,,,,,,-114.01253746,46.67859458,1116.655,Global,,,,,,m,,,,,,,,,,,,,,,Global CS,,,,,
966a,,,,,,-114.01246491,46.67859268,1117.711,Global,,,,,,m,,,,,,,,,,,,,,,Global CS,,,,,
967a,,,,,,-114.01239237,46.67859079,1119.046,Global,,,,,,m,,,,,,,,,,,,,,,Global CS,,,,,
968a,,,,,,-114.01231983,46.67858889,1120.379,Global,,,,,,m,,,,,,,,,,,,,,,Global CS,,,,,
969a,,,,,,-114.01224728,46.678587,1121.545,Global,,,,,,m,,,,,,,,,,,,,,,Global CS,,,,,
971a,,,,,,-114.01282488,46.67865209,1112.55,Global,,,,,,m,,,,,,,,,,,,,,,Global CS,,,,,
972a,,,,,,-114.01275234,46.6786502,1113.58,Global,,,,,,m,,,,,,,,,,,,,,,Global CS,,,,,
973a,,,,,,-114.01267979,46.6786483,1114.458,Global,,,,,,m,,,,,,,,,,,,,,,Global CS,,,,,
974a,,,,,,-114.01260725,46.67864641,1115.564,Global,,,,,,m,,,,,,,,,,,,,,,Global CS,,,,,
975a,,,,,,-114.0125347,46.67864451,1116.646,Global,,,,,,m,,,,,,,,,,,,,,,Global CS,,,,,
976a,,,,,,-114.01246216,46.67864261,1117.833,Global,,,,,,m,,,,,,,,,,,,,,,Global CS,,,,,
977a,,,,,,-114.01238962,46.67864072,1118.932,Global,,,,,,m,,,,,,,,,,,,,,,Global CS,,,,,
978a,,,,,,-114.01231707,46.67863882,1120.303,Global,,,,,,m,,,,,,,,,,,,,,,Global CS,,,,,
979a,,,,,,-114.01224453,46.67863693,1121.469,Global,,,,,,m,,,,,,,,,,,,,,,Global CS,,,,,
980a,,,,,,-114.01217198,46.67863503,1122.543,Global,,,,,,m,,,,,,,,,,,,,,,Global CS,,,,,
981a,,,,,,-114.01282213,46.67870202,1112.564,Global,,,,,,m,,,,,,,,,,,,,,,Global CS,,,,,
982a,,,,,,-114.01274958,46.67870013,1113.592,Global,,,,,,m,,,,,,,,,,,,,,,Global CS,,,,,
983a,,,,,,-114.01267704,46.67869823,1114.491,Global,,,,,,m,,,,,,,,,,,,,,,Global CS,,,,,
985a,,,,,,-114.01253195,46.67869444,1116.591,Global,,,,,,m,,,,,,,,,,,,,,,Global CS,,,,,
986a,,,,,,-114.01245941,46.67869254,1117.826,Global,,,,,,m,,,,,,,,,,,,,,,Global CS,,,,,
987a,,,,,,-114.01238686,46.67869065,1119.055,Global,,,,,,m,,,,,,,,,,,,,,,Global CS,,,,,
988a,,,,,,-114.01231432,46.67868875,1120.276,Global,,,,,,m,,,,,,,,,,,,,,,Global CS,,,,,
991a,,,,,,-114.01281937,46.67875195,1112.708,Global,,,,,,m,,,,,,,,,,,,,,,Global CS,,,,,
992a,,,,,,-114.01274683,46.67875006,1113.586,Global,,,,,,m,,,,,,,,,,,,,,,Global CS,,,,,
993a,,,,,,-114.01267428,46.67874816,1114.561,Global,,,,,,m,,,,,,,,,,,,,,,Global CS,,,,,
994a,,,,,,-114.01260174,46.67874626,1115.56,Global,,,,,,m,,,,,,,,,,,,,,,Global CS,,,,,
995a,,,,,,-114.0125292,46.67874437,1116.735,Global,,,,,,m,,,,,,,,,,,,,,,Global CS,,,,,
996a,,,,,,-114.01245665,46.67874247,1117.77,Global,,,,,,m,,,,,,,,,,,,,,,Global CS,,,,,
997a,,,,,,-114.01238411,46.67874058,1119.06,Global,,,,,,m,,,,,,,,,,,,,,,Global CS,,,,,
998a,,,,,,-114.01231156,46.67873868,1120.281,Global,,,,,,m,,,,,,,,,,,,,,,Global CS,,,,,
999a,,,,,,-114.01223902,46.67873679,1121.583,Global,,,,,,m,,,,,,,,,,,,,,,Global CS,,,,,
1000a,,,,,,-114.01216648,46.67873489,1122.732,Global,,,,,,m,,,,,,,,,,,,,,,Global CS,,,,,
5a,,,,,,-114.01001685,46.67687863,1133.855,Global,,,,,,m,,,,,,,,,,,,,,,Global CS,,,,,
6a,,,,,,-114.00994431,46.67687674,1134.446,Global,,,,,,m,,,,,,,,,,,,,,,Global CS,,,,,
8a,,,,,,-114.00979923,46.67687294,1134.814,Global,,,,,,m,,,,,,,,,,,,,,,Global CS,,,,,
11a,,,,,,-114.01030426,46.67693615,1130.979,Global,,,,,,m,,,,,,,,,,,,,,,Global CS,,,,,
12a,,,,,,-114.01023172,46.67693425,1131.553,Global,,,,,,m,,,,,,,,,,,,,,,Global CS,,,,,
18a,,,,,,-114.00979647,46.67692287,1135.933,Global,,,,,,m,,,,,,,,,,,,,,,Global CS,,,,,
20a,,,,,,-114.00965139,46.67691908,1137.263,Global,,,,,,m,,,,,,,,,,,,,,,Global CS,,,,,
21a,,,,,,-114.01030151,46.67698608,1131.148,Global,,,,,,m,,,,,,,,,,,,,,,Global CS,,,,,
23a,,,,,,-114.01015642,46.67698229,1132.684,Global,,,,,,m,,,,,,,,,,,,,,,Global CS,,,,,
24a,,,,,,-114.01008388,46.67698039,1133.527,Global,,,,,,m,,,,,,,,,,,,,,,Global CS,,,,,
25a,,,,,,-114.01001134,46.67697849,1134.222,Global,,,,,,m,,,,,,,,,,,,,,,Global CS,,,,,
26a,,,,,,-114.0099388,46.6769766,1134.864,Global,,,,,,m,,,,,,,,,,,,,,,Global CS,,,,,
30a,,,,,,-114.00964863,46.67696901,1137.544,Global,,,,,,m,,,,,,,,,,,,,,,Global CS,,,,,
33a,,,,,,-114.01015367,46.67703222,1132.967,Global,,,,,,m,,,,,,,,,,,,,,,Global CS,,,,,
34a,,,,,,-114.01008113,46.67703032,1133.844,Global,,,,,,m,,,,,,,,,,,,,,,Global CS,,,,,
35a,,,,,,-114.01000858,46.67702842,1134.466,Global,,,,,,m,,,,,,,,,,,,,,,Global CS,,,,,
36a,,,,,,-114.00993604,46.67702652,1135.073,Global,,,,,,m,,,,,,,,,,,,,,,Global CS,,,,,
38a,,,,,,-114.00979096,46.67702273,1136.391,Global,,,,,,m,,,,,,,,,,,,,,,Global CS,,,,,
39a,,,,,,-114.00971842,46.67702083,1137.158,Global,,,,,,m,,,,,,,,,,,,,,,Global CS,,,,,
40a,,,,,,-114.00964588,46.67701893,1137.778,Global,,,,,,m,,,,,,,,,,,,,,,Global CS,,,,,
42a,,,,,,-114.01022345,46.67708404,1132.554,Global,,,,,,m,,,,,,,,,,,,,,,Global CS,,,,,
43a,,,,,,-114.01015091,46.67708215,1133.412,Global,,,,,,m,,,,,,,,,,,,,,,Global CS,,,,,
44a,,,,,,-114.01007837,46.67708025,1134.139,Global,,,,,,m,,,,,,,,,,,,,,,Global CS,,,,,
48a,,,,,,-114.0097882,46.67707266,1136.662,Global,,,,,,m,,,,,,,,,,,,,,,Global CS,,,,,
49a,,,,,,-114.00971566,46.67707076,1137.46,Global,,,,,,m,,,,,,,,,,,,,,,Global CS,,,,,
50a,,,,,,-114.00964312,46.67706886,1138.177,Global,,,,,,m,,,,,,,,,,,,,,,Global CS,,,,,
51a,,,,,,-114.01029324,46.67713587,1132.281,Global,,,,,,m,,,,,,,,,,,,,,,Global CS,,,,,
52a,,,,,,-114.0102207,46.67713397,1132.931,Global,,,,,,m,,,,,,,,,,,,,,,Global CS,,,,,
54a,,,,,,-114.01007561,46.67713018,1134.543,Global,,,,,,m,,,,,,,,,,,,,,,Global CS,,,,,
55a,,,,,,-114.01000307,46.67712828,1135.147,Global,,,,,,m,,,,,,,,,,,,,,,Global CS,,,,,
56a,,,,,,-114.00993053,46.67712638,1135.88,Global,,,,,,m,,,,,,,,,,,,,,,Global CS,,,,,
58a,,,,,,-114.00978545,46.67712259,1137.154,Global,,,,,,m,,,,,,,,,,,,,,,Global CS,,,,,
59a,,,,,,-114.0097129,46.67712069,1137.827,Global,,,,,,m,,,,,,,,,,,,,,,Global CS,,,,,
60a,,,,,,-114.00964036,46.67711879,1138.514,Global,,,,,,m,,,,,,,,,,,,,,,Global CS,,,,,
61a,,,,,,-114.01029048,46.6771858,1132.74,Global,,,,,,m,,,,,,,,,,,,,,,Global CS,,,,,
62a,,,,,,-114.01021794,46.6771839,1133.523,Global,,,,,,m,,,,,,,,,,,,,,,Global CS,,,,,
63a,,,,,,-114.0101454,46.677182,1134.136,Global,,,,,,m,,,,,,,,,,,,,,,Global CS,,,,,
64a,,,,,,-114.01007286,46.67718011,1134.871,Global,,,,,,m,,,,,,,,,,,,,,,Global CS,,,,,
66a,,,,,,-114.00992777,46.67717631,1136.256,Global,,,,,,m,,,,,,,,,,,,,,,Global CS,,,,,
67a,,,,,,-114.00985523,46.67717442,1136.904,Global,,,,,,m,,,,,,,,,,,,,,,Global CS,,,,,
68a,,,,,,-114.00978269,46.67717252,1137.571,Global,,,,,,m,,,,,,,,,,,,,,,Global CS,,,,,
69a,,,,,,-114.00971015,46.67717062,1138.262,Global,,,,,,m,,,,,,,,,,,,,,,Global CS,,,,,
70a,,,,,,-114.00963761,46.67716872,1138.848,Global,,,,,,m,,,,,,,,,,,,,,,Global CS,,,,,
72a,,,,,,-114.01021518,46.67723383,1133.942,Global,,,,,,m,,,,,,,,,,,,,,,Global CS,,,,,
73a,,,,,,-114.01014264,46.67723193,1134.715,Global,,,,,,m,,,,,,,,,,,,,,,Global CS,,,,,
77a,,,,,,-114.00985247,46.67722434,1137.484,Global,,,,,,m,,,,,,,,,,,,,,,Global CS,,,,,
81a,,,,,,-114.01028497,46.67728566,1133.757,Global,,,,,,m,,,,,,,,,,,,,,,Global CS,,,,,
82a,,,,,,-114.01021243,46.67728376,1134.422,Global,,,,,,m,,,,,,,,,,,,,,,Global CS,,,,,
83a,,,,,,-114.01013988,46.67728186,1135.274,Global,,,,,,m,,,,,,,,,,,,,,,Global CS,,,,,
84a,,,,,,-114.01006734,46.67727997,1135.963,Global,,,,,,m,,,,,,,,,,,,,,,Global CS,,,,,
85a,,,,,,-114.0099948,46.67727807,1136.646,Global,,,,,,m,,,,,,,,,,,,,,,Global CS,,,,,
87a,,,,,,-114.00984972,46.67727427,1138.052,Global,,,,,,m,,,,,,,,,,,,,,,Global CS,,,,,
89a,,,,,,-114.00970463,46.67727048,1139.265,Global,,,,,,m,,,,,,,,,,,,,,,Global CS,,,,,
91a,,,,,,-114.01028221,46.67733559,1134.441,Global,,,,,,m,,,,,,,,,,,,,,,Global CS,,,,,
93a,,,,,,-114.01013713,46.67733179,1136.004,Global,,,,,,m,,,,,,,,,,,,,,,Global CS,,,,,
99a,,,,,,-114.00970188,46.67732041,1139.975,Global,,,,,,m,,,,,,,,,,,,,,,Global CS,,,,,
201a,,,,,,-114.01487714,46.67700565,1085.684,Global,,,,,,m,,,,,,,,,,,,,,,Global CS,,,,,
203a,,,,,,-114.01473206,46.67700186,1089.979,Global,,,,,,m,,,,,,,,,,,,,,,Global CS,,,,,
204a,,,,,,-114.01465952,46.67699996,1091.334,Global,,,,,,m,,,,,,,,,,,,,,,Global CS,,,,,
205a,,,,,,-114.01458697,46.67699807,1091.855,Global,,,,,,m,,,,,,,,,,,,,,,Global CS,,,,,
207a,,,,,,-114.01444189,46.67699428,1093.216,Global,,,,,,m,,,,,,,,,,,,,,,Global CS,,,,,
209a,,,,,,-114.01429681,46.67699049,1094.817,Global,,,,,,m,,,,,,,,,,,,,,,Global CS,,,,,
210a,,,,,,-114.01422427,46.6769886,1095.361,Global,,,,,,m,,,,,,,,,,,,,,,Global CS,,,,,
211a,,,,,,-114.01487439,46.67705558,1086.332,Global,,,,,,m,,,,,,,,,,,,,,,Global CS,,,,,
212a,,,,,,-114.01480185,46.67705368,1088.705,Global,,,,,,m,,,,,,,,,,,,,,,Global CS,,,,,
213a,,,,,,-114.01472931,46.67705179,1090.33,Global,,,,,,m,,,,,,,,,,,,,,,Global CS,,,,,
214a,,,,,,-114.01465676,46.67704989,1091.061,Global,,,,,,m,,,,,,,,,,,,,,,Global CS,,,,,
215a,,,,,,-114.01458422,46.677048,1091.652,Global,,,,,,m,,,,,,,,,,,,,,,Global CS,,,,,
217a,,,,,,-114.01443914,46.67704421,1093.066,Global,,,,,,m,,,,,,,,,,,,,,,Global CS,,,,,
218a,,,,,,-114.0143666,46.67704232,1093.789,Global,,,,,,m,,,,,,,,,,,,,,,Global CS,,,,,
219a,,,,,,-114.01429406,46.67704042,1094.565,Global,,,,,,m,,,,,,,,,,,,,,,Global CS,,,,,
220a,,,,,,-114.01422151,46.67703853,1095.231,Global,,,,,,m,,,,,,,,,,,,,,,Global CS,,,,,
221a,,,,,,-114.01487164,46.67710551,1087.219,Global,,,,,,m,,,,,,,,,,,,,,,Global CS,,,,,
222a,,,,,,-114.0147991,46.67710361,1089.043,Global,,,,,,m,,,,,,,,,,,,,,,Global CS,,,,,
223a,,,,,,-114.01472655,46.67710172,1090.102,Global,,,,,,m,,,,,,,,,,,,,,,Global CS,,,,,
224a,,,,,,-114.01465401,46.67709982,1090.75,Global,,,,,,m,,,,,,,,,,,,,,,Global CS,,,,,
226a,,,,,,-114.01450893,46.67709604,1092.095,Global,,,,,,m,,,,,,,,,,,,,,,Global CS,,,,,
227a,,,,,,-114.01443639,46.67709414,1092.801,Global,,,,,,m,,,,,,,,,,,,,,,Global CS,,,,,
229a,,,,,,-114.0142913,46.67709035,1094.376,Global,,,,,,m,,,,,,,,,,,,,,,Global CS,,,,,
232a,,,,,,-114.01479634,46.67715354,1088.562,Global,,,,,,m,,,,,,,,,,,,,,,Global CS,,,,,
233a,,,,,,-114.0147238,46.67715165,1089.708,Global,,,,,,m,,,,,,,,,,,,,,,Global CS,,,,,
235a,,,,,,-114.01457872,46.67714786,1091.142,Global,,,,,,m,,,,,,,,,,,,,,,Global CS,,,,,
236a,,,,,,-114.01450618,46.67714596,1091.864,Global,,,,,,m,,,,,,,,,,,,,,,Global CS,,,,,
237a,,,,,,-114.01443363,46.67714407,1092.563,Global,,,,,,m,,,,,,,,,,,,,,,Global CS,,,,,
238a,,,,,,-114.01436109,46.67714218,1093.405,Global,,,,,,m,,,,,,,,,,,,,,,Global CS,,,,,
239a,,,,,,-114.01428855,46.67714028,1094.144,Global,,,,,,m,,,,,,,,,,,,,,,Global CS,,,,,
240a,,,,,,-114.01421601,46.67713839,1094.969,Global,,,,,,m,,,,,,,,,,,,,,,Global CS,,,,,
241a,,,,,,-114.01486613,46.67720537,1087.301,Global,,,,,,m,,,,,,,,,,,,,,,Global CS,,,,,
242a,,,,,,-114.01479359,46.67720347,1088.339,Global,,,,,,m,,,,,,,,,,,,,,,Global CS,,,,,
243a,,,,,,-114.01472105,46.67720158,1089.334,Global,,,,,,m,,,,,,,,,,,,,,,Global CS,,,,,
245a,,,,,,-114.01457597,46.67719779,1090.962,Global,,,,,,m,,,,,,,,,,,,,,,Global CS,,,,,
247a,,,,,,-114.01443088,46.677194,1092.478,Global,,,,,,m,,,,,,,,,,,,,,,Global CS,,,,,
248a,,,,,,-114.01435834,46.67719211,1093.156,Global,,,,,,m,,,,,,,,,,,,,,,Global CS,,,,,
250a,,,,,,-114.01421326,46.67718832,1094.78,Global,,,,,,m,,,,,,,,,,,,,,,Global CS,,,,,
252a,,,,,,-114.01479084,46.6772534,1088.083,Global,,,,,,m,,,,,,,,,,,,,,,Global CS,,,,,
253a,,,,,,-114.0147183,46.67725151,1089.148,Global,,,,,,m,,,,,,,,,,,,,,,Global CS,,,,,
255a,,,,,,-114.01457321,46.67724772,1090.836,Global,,,,,,m,,,,,,,,,,,,,,,Global CS,,,,,
256a,,,,,,-114.01450067,46.67724582,1091.522,Global,,,,,,m,,,,,,,,,,,,,,,Global CS,,,,,
257a,,,,,,-114.01442813,46.67724393,1092.345,Global,,,,,,m,,,,,,,,,,,,,,,Global CS,,,,,
258a,,,,,,-114.01435559,46.67724204,1092.991,Global,,,,,,m,,,,,,,,,,,,,,,Global CS,,,,,
259a,,,,,,-114.01428304,46.67724014,1093.902,Global,,,,,,m,,,,,,,,,,,,,,,Global CS,,,,,
260a,,,,,,-114.0142105,46.67723825,1094.727,Global,,,,,,m,,,,,,,,,,,,,,,Global CS,,,,,
262a,,,,,,-114.01478809,46.67730333,1087.897,Global,,,,,,m,,,,,,,,,,,,,,,Global CS,,,,,
263a,,,,,,-114.01471555,46.67730144,1088.867,Global,,,,,,m,,,,,,,,,,,,,,,Global CS,,,,,
266a,,,,,,-114.01449792,46.67729575,1091.387,Global,,,,,,m,,,,,,,,,,,,,,,Global CS,,,,,
268a,,,,,,-114.01435283,46.67729196,1092.949,Global,,,,,,m,,,,,,,,,,,,,,,Global CS,,,,,
269a,,,,,,-114.01428029,46.67729007,1093.734,Global,,,,,,m,,,,,,,,,,,,,,,Global CS,,,,,
271a,,,,,,-114.01485788,46.67735516,1087.048,Global,,,,,,m,,,,,,,,,,,,,,,Global CS,,,,,
272a,,,,,,-114.01478534,46.67735326,1087.863,Global,,,,,,m,,,,,,,,,,,,,,,Global CS,,,,,
275a,,,,,,-114.01456771,46.67734758,1090.301,Global,,,,,,m,,,,,,,,,,,,,,,Global CS,,,,,
276a,,,,,,-114.01449517,46.67734568,1091.195,Global,,,,,,m,,,,,,,,,,,,,,,Global CS,,,,,
277a,,,,,,-114.01442262,46.67734379,1091.924,Global,,,,,,m,,,,,,,,,,,,,,,Global CS,,,,,
278a,,,,,,-114.01435008,46.67734189,1092.774,Global,,,,,,m,,,,,,,,,,,,,,,Global CS,,,,,
280a,,,,,,-114.014205,46.67733811,1094.425,Global,,,,,,m,,,,,,,,,,,,,,,Global CS,,,,,
281a,,,,,,-114.01485513,46.67740508,1087.057,Global,,,,,,m,,,,,,,,,,,,,,,Global CS,,,,,
282a,,,,,,-114.01478258,46.67740319,1087.715,Global,,,,,,m,,,,,,,,,,,,,,,Global CS,,,,,
283a,,,,,,-114.01471004,46.6774013,1088.455,Global,,,,,,m,,,,,,,,,,,,,,,Global CS,,,,,
284a,,,,,,-114.0146375,46.6773994,1089.345,Global,,,,,,m,,,,,,,,,,,,,,,Global CS,,,,,
285a,,,,,,-114.01456496,46.67739751,1090.224,Global,,,,,,m,,,,,,,,,,,,,,,Global CS,,,,,
286a,,,,,,-114.01449241,46.67739561,1090.989,Global,,,,,,m,,,,,,,,,,,,,,,Global CS,,,,,
287a,,,,,,-114.01441987,46.67739372,1091.861,Global,,,,,,m,,,,,,,,,,,,,,,Global CS,,,,,
288a,,,,,,-114.01434733,46.67739182,1092.626,Global,,,,,,m,,,,,,,,,,,,,,,Global CS,,,,,
289a,,,,,,-114.01427479,46.67738993,1093.511,Global,,,,,,m,,,,,,,,,,,,,,,Global CS,,,,,
290a,,,,,,-114.01420224,46.67738803,1094.32,Global,,,,,,m,,,,,,,,,,,,,,,Global CS,,,,,
292a,,,,,,-114.01477983,46.67745312,1087.535,Global,,,,,,m,,,,,,,,,,,,,,,Global CS,,,,,
293a,,,,,,-114.01470729,46.67745123,1088.431,Global,,,,,,m,,,,,,,,,,,,,,,Global CS,,,,,
295a,,,,,,-114.0145622,46.67744744,1090.036,Global,,,,,,m,,,,,,,,,,,,,,,Global CS,,,,,
296a,,,,,,-114.01448966,46.67744554,1090.827,Global,,,,,,m,,,,,,,,,,,,,,,Global CS,,,,,
298a,,,,,,-114.01434458,46.67744175,1092.596,Global,,,,,,m,,,,,,,,,,,,,,,Global CS,,,,,
300a,,,,,,-114.01419949,46.67743796,1094.332,Global,,,,,,m,,,,,,,,,,,,,,,Global CS,,,,,
403a,,,,,,-114.01613684,46.67523848,1104.799,Global,,,,,,m,,,,,,,,,,,,,,,Global CS,,,,,
409a,,,,,,-114.01570161,46.67522712,1107.089,Global,,,,,,m,,,,,,,,,,,,,,,Global CS,,,,,
410a,,,,,,-114.01562907,46.67522523,1107.347,Global,,,,,,m,,,,,,,,,,,,,,,Global CS,,,,,
412a,,,,,,-114.01620663,46.6752903,1103.525,Global,,,,,,m,,,,,,,,,,,,,,,Global CS,,,,,
413a,,,,,,-114.01613409,46.67528841,1103.932,Global,,,,,,m,,,,,,,,,,,,,,,Global CS,,,,,
414a,,,,,,-114.01606155,46.67528652,1104.42,Global,,,,,,m,,,,,,,,,,,,,,,Global CS,,,,,
415a,,,,,,-114.01598901,46.67528462,1104.9,Global,,,,,,m,,,,,,,,,,,,,,,Global CS,,,,,
416a,,,,,,-114.01591647,46.67528273,1105.659,Global,,,,,,m,,,,,,,,,,,,,,,Global CS,,,,,
417a,,,,,,-114.01584393,46.67528084,1106.07,Global,,,,,,m,,,,,,,,,,,,,,,Global CS,,,,,
418a,,,,,,-114.01577139,46.67527894,1106.374,Global,,,,,,m,,,,,,,,,,,,,,,Global CS,,,,,
419a,,,,,,-114.01569886,46.67527705,1106.586,Global,,,,,,m,,,,,,,,,,,,,,,Global CS,,,,,
420a,,,,,,-114.01562632,46.67527515,1106.782,Global,,,,,,m,,,,,,,,,,,,,,,Global CS,,,,,
421a,,,,,,-114.01627642,46.67534213,1102.262,Global,,,,,,m,,,,,,,,,,,,,,,Global CS,,,,,
423a,,,,,,-114.01613134,46.67533834,1103.109,Global,,,,,,m,,,,,,,,,,,,,,,Global CS,,,,,
424a,,,,,,-114.0160588,46.67533645,1103.562,Global,,,,,,m,,,,,,,,,,,,,,,Global CS,,,,,
425a,,,,,,-114.01598626,46.67533455,1103.972,Global,,,,,,m,,,,,,,,,,,,,,,Global CS,,,,,
426a,,,,,,-114.01591372,46.67533266,1104.522,Global,,,,,,m,,,,,,,,,,,,,,,Global CS,,,,,
428a,,,,,,-114.01576864,46.67532887,1105.667,Global,,,,,,m,,,,,,,,,,,,,,,Global CS,,,,,
431a,,,,,,-114.01627367,46.67539206,1101.71,Global,,,,,,m,,,,,,,,,,,,,,,Global CS,,,,,
432a,,,,,,-114.01620113,46.67539016,1102.173,Global,,,,,,m,,,,,,,,,,,,,,,Global CS,,,,,
433a,,,,,,-114.01612859,46.67538827,1102.609,Global,,,,,,m,,,,,,,,,,,,,,,Global CS,,,,,
434a,,,,,,-114.01605605,46.67538638,1102.903,Global,,,,,,m,,,,,,,,,,,,,,,Global CS,,,,,
436a,,,,,,-114.01591097,46.67538259,1103.754,Global,,,,,,m,,,,,,,,,,,,,,,Global CS,,,,,
437a,,,,,,-114.01583843,46.67538069,1104.249,Global,,,,,,m,,,,,,,,,,,,,,,Global CS,,,,,
438a,,,,,,-114.01576589,46.6753788,1104.853,Global,,,,,,m,,,,,,,,,,,,,,,Global CS,,,,,
439a,,,,,,-114.01569335,46.67537691,1105.268,Global,,,,,,m,,,,,,,,,,,,,,,Global CS,,,,,
440a,,,,,,-114.01562081,46.67537501,1105.507,Global,,,,,,m,,,,,,,,,,,,,,,Global CS,,,,,
441a,,,,,,-114.01627092,46.67544199,1101.211,Global,,,,,,m,,,,,,,,,,,,,,,Global CS,,,,,
442a,,,,,,-114.01619838,46.67544009,1101.667,Global,,,,,,m,,,,,,,,,,,,,,,Global CS,,,,,
443a,,,,,,-114.01612584,46.6754382,1102.036,Global,,,,,,m,,,,,,,,,,,,,,,Global CS,,,,,
445a,,,,,,-114.01598076,46.67543441,1102.748,Global,,,,,,m,,,,,,,,,,,,,,,Global CS,,,,,
446a,,,,,,-114.01590822,46.67543252,1103.159,Global,,,,,,m,,,,,,,,,,,,,,,Global CS,,,,,
447a,,,,,,-114.01583568,46.67543062,1103.494,Global,,,,,,m,,,,,,,,,,,,,,,Global CS,,,,,
448a,,,,,,-114.01576314,46.67542873,1103.945,Global,,,,,,m,,,,,,,,,,,,,,,Global CS,,,,,
449a,,,,,,-114.0156906,46.67542684,1104.349,Global,,,,,,m,,,,,,,,,,,,,,,Global CS,,,,,
450a,,,,,,-114.01561806,46.67542494,1104.616,Global,,,,,,m,,,,,,,,,,,,,,,Global CS,,,,,
455a,,,,,,-114.01597801,46.67548434,1102.291,Global,,,,,,m,,,,,,,,,,,,,,,Global CS,,,,,
457a,,,,,,-114.01583293,46.67548055,1102.955,Global,,,,,,m,,,,,,,,,,,,,,,Global CS,,,,,
458a,,,,,,-114.01576039,46.67547866,1103.269,Global,,,,,,m,,,,,,,,,,,,,,,Global CS,,,,,
460a,,,,,,-114.01561531,46.67547487,1103.789,Global,,,,,,m,,,,,,,,,,,,,,,Global CS,,,,,
465a,,,,,,-114.01597526,46.67553427,1101.945,Global,,,,,,m,,,,,,,,,,,,,,,Global CS,,,,,
466a,,,,,,-114.01590272,46.67553238,1102.33,Global,,,,,,m,,,,,,,,,,,,,,,Global CS,,,,,
467a,,,,,,-114.01583018,46.67553048,1102.649,Global,,,,,,m,,,,,,,,,,,,,,,Global CS,,,,,
468a,,,,,,-114.01575764,46.67552859,1102.789,Global,,,,,,m,,,,,,,,,,,,,,,Global CS,,,,,
469a,,,,,,-114.0156851,46.6755267,1102.855,Global,,,,,,m,,,,,,,,,,,,,,,Global CS,,,,,
470a,,,,,,-114.01561256,46.6755248,1102.935,Global,,,,,,m,,,,,,,,,,,,,,,Global CS,,,,,
471a,,,,,,-114.01626267,46.67559177,1099.325,Global,,,,,,m,,,,,,,,,,,,,,,Global CS,,,,,
472a,,,,,,-114.01619013,46.67558988,1100.053,Global,,,,,,m,,,,,,,,,,,,,,,Global CS,,,,,
473a,,,,,,-114.01611759,46.67558799,1100.613,Global,,,,,,m,,,,,,,,,,,,,,,Global CS,,,,,
474a,,,,,,-114.01604505,46.67558609,1101.013,Global,,,,,,m,,,,,,,,,,,,,,,Global CS,,,,,
475a,,,,,,-114.01597251,46.6755842,1101.466,Global,,,,,,m,,,,,,,,,,,,,,,Global CS,,,,,
480a,,,,,,-114.01560981,46.67557473,1102.406,Global,,,,,,m,,,,,,,,,,,,,,,Global CS,,,,,
481a,,,,,,-114.01625992,46.6756417,1098.683,Global,,,,,,m,,,,,,,,,,,,,,,Global CS,,,,,
482a,,,,,,-114.01618738,46.67563981,1099.286,Global,,,,,,m,,,,,,,,,,,,,,,Global CS,,,,,
484a,,,,,,-114.0160423,46.67563602,1100.459,Global,,,,,,m,,,,,,,,,,,,,,,Global CS,,,,,
487a,,,,,,-114.01582468,46.67563034,1101.51,Global,,,,,,m,,,,,,,,,,,,,,,Global CS,,,,,
488a,,,,,,-114.01575214,46.67562845,1101.798,Global,,,,,,m,,,,,,,,,,,,,,,Global CS,,,,,
490a,,,,,,-114.01560706,46.67562466,1101.997,Global,,,,,,m,,,,,,,,,,,,,,,Global CS,,,,,
492a,,,,,,-114.01618463,46.67568974,1098.722,Global,,,,,,m,,,,,,,,,,,,,,,Global CS,,,,,
494a,,,,,,-114.01603955,46.67568595,1099.855,Global,,,,,,m,,,,,,,,,,,,,,,Global CS,,,,,
495a,,,,,,-114.01596701,46.67568406,1100.261,Global,,,,,,m,,,,,,,,,,,,,,,Global CS,,,,,
497a,,,,,,-114.01582193,46.67568027,1101.005,Global,,,,,,m,,,,,,,,,,,,,,,Global CS,,,,,
498a,,,,,,-114.01574939,46.67567838,1101.153,Global,,,,,,m,,,,,,,,,,,,,,,Global CS,,,,,
499a,,,,,,-114.01567685,46.67567649,1101.426,Global,,,,,,m,,,,,,,,,,,,,,,Global CS,,,,,
500a,,,,,,-114.01560431,46.67567459,1101.535,Global,,,,,,m,,,,,,,,,,,,,,,Global CS,,,,,
601a,,,,,,-114.01304243,46.67470766,1115.091,Global,,,,,,m,,,,,,,,,,,,,,,Global CS,,,,,
603a,,,,,,-114.01289735,46.67470387,1115.443,Global,,,,,,m,,,,,,,,,,,,,,,Global CS,,,,,
605a,,,,,,-114.01275228,46.67470008,1116.018,Global,,,,,,m,,,,,,,,,,,,,,,Global CS,,,,,
606a,,,,,,-114.01267974,46.67469818,1116.198,Global,,,,,,m,,,,,,,,,,,,,,,Global CS,,,,,
609a,,,,,,-114.01246212,46.67469249,1116.924,Global,,,,,,m,,,,,,,,,,,,,,,Global CS,,,,,
610a,,,,,,-114.01238958,46.6746906,1117.216,Global,,,,,,m,,,,,,,,,,,,,,,Global CS,,,,,
611a,,,,,,-114.01303968,46.67475759,1115.247,Global,,,,,,m,,,,,,,,,,,,,,,Global CS,,,,,
612a,,,,,,-114.01296714,46.67475569,1115.434,Global,,,,,,m,,,,,,,,,,,,,,,Global CS,,,,,
613a,,,,,,-114.0128946,46.6747538,1115.607,Global,,,,,,m,,,,,,,,,,,,,,,Global CS,,,,,
614a,,,,,,-114.01282206,46.6747519,1115.774,Global,,,,,,m,,,,,,,,,,,,,,,Global CS,,,,,
615a,,,,,,-114.01274952,46.67475001,1116.078,Global,,,,,,m,,,,,,,,,,,,,,,Global CS,,,,,
617a,,,,,,-114.01260444,46.67474621,1116.578,Global,,,,,,m,,,,,,,,,,,,,,,Global CS,,,,,
618a,,,,,,-114.01253191,46.67474432,1116.783,Global,,,,,,m,,,,,,,,,,,,,,,Global CS,,,,,
622a,,,,,,-114.01296438,46.67480562,1115.526,Global,,,,,,m,,,,,,,,,,,,,,,Global CS,,,,,
623a,,,,,,-114.01289185,46.67480373,1115.756,Global,,,,,,m,,,,,,,,,,,,,,,Global CS,,,,,
626a,,,,,,-114.01267423,46.67479804,1116.408,Global,,,,,,m,,,,,,,,,,,,,,,Global CS,,,,,
627a,,,,,,-114.01260169,46.67479614,1116.692,Global,,,,,,m,,,,,,,,,,,,,,,Global CS,,,,,
628a,,,,,,-114.01252915,46.67479425,1116.918,Global,,,,,,m,,,,,,,,,,,,,,,Global CS,,,,,
629a,,,,,,-114.01245661,46.67479235,1117.146,Global,,,,,,m,,,,,,,,,,,,,,,Global CS,,,,,
630a,,,,,,-114.01238407,46.67479046,1117.446,Global,,,,,,m,,,,,,,,,,,,,,,Global CS,,,,,
632a,,,,,,-114.01296163,46.67485555,1115.609,Global,,,,,,m,,,,,,,,,,,,,,,Global CS,,,,,
634a,,,,,,-114.01281655,46.67485176,1116.099,Global,,,,,,m,,,,,,,,,,,,,,,Global CS,,,,,
635a,,,,,,-114.01274401,46.67484986,1116.339,Global,,,,,,m,,,,,,,,,,,,,,,Global CS,,,,,
636a,,,,,,-114.01267147,46.67484797,1116.587,Global,,,,,,m,,,,,,,,,,,,,,,Global CS,,,,,
637a,,,,,,-114.01259894,46.67484607,1116.739,Global,,,,,,m,,,,,,,,,,,,,,,Global CS,,,,,
638a,,,,,,-114.0125264,46.67484418,1117.013,Global,,,,,,m,,,,,,,,,,,,,,,Global CS,,,,,
639a,,,,,,-114.01245386,46.67484228,1117.214,Global,,,,,,m,,,,,,,,,,,,,,,Global CS,,,,,
642a,,,,,,-114.01295888,46.67490548,1115.579,Global,,,,,,m,,,,,,,,,,,,,,,Global CS,,,,,
643a,,,,,,-114.01288634,46.67490358,1115.814,Global,,,,,,m,,,,,,,,,,,,,,,Global CS,,,,,
644a,,,,,,-114.0128138,46.67490169,1116.071,Global,,,,,,m,,,,,,,,,,,,,,,Global CS,,,,,
645a,,,,,,-114.01274126,46.67489979,1116.345,Global,,,,,,m,,,,,,,,,,,,,,,Global CS,,,,,
646a,,,,,,-114.01266872,46.6748979,1116.555,Global,,,,,,m,,,,,,,,,,,,,,,Global CS,,,,,
647a,,,,,,-114.01259618,46.674896,1116.738,Global,,,,,,m,,,,,,,,,,,,,,,Global CS,,,,,
648a,,,,,,-114.01252364,46.67489411,1116.884,Global,,,,,,m,,,,,,,,,,,,,,,Global CS,,,,,
649a,,,,,,-114.0124511,46.67489221,1117.153,Global,,,,,,m,,,,,,,,,,,,,,,Global CS,,,,,
650a,,,,,,-114.01237857,46.67489032,1117.445,Global,,,,,,m,,,,,,,,,,,,,,,Global CS,,,,,
652a,,,,,,-114.01295612,46.67495541,1115.403,Global,,,,,,m,,,,,,,,,,,,,,,Global CS,,,,,
653a,,,,,,-114.01288358,46.67495351,1115.672,Global,,,,,,m,,,,,,,,,,,,,,,Global CS,,,,,
654a,,,,,,-114.01281105,46.67495162,1115.916,Global,,,,,,m,,,,,,,,,,,,,,,Global CS,,,,,
658a,,,,,,-114.01252089,46.67494404,1116.846,Global,,,,,,m,,,,,,,,,,,,,,,Global CS,,,,,
659a,,,,,,-114.01244835,46.67494214,1116.935,Global,,,,,,m,,,,,,,,,,,,,,,Global CS,,,,,
660a,,,,,,-114.01237581,46.67494025,1117.224,Global,,,,,,m,,,,,,,,,,,,,,,Global CS,,,,,
661a,,,,,,-114.01302591,46.67500723,1114.819,Global,,,,,,m,,,,,,,,,,,,,,,Global CS,,,,,
670a,,,,,,-114.01237306,46.67499018,1117.167,Global,,,,,,m,,,,,,,,,,,,,,,Global CS,,,,,
671a,,,,,,-114.01302316,46.67505716,1114.215,Global,,,,,,m,,,,,,,,,,,,,,,Global CS,,,,,
674a,,,,,,-114.01280554,46.67505148,1115.427,Global,,,,,,m,,,,,,,,,,,,,,,Global CS,,,,,
675a,,,,,,-114.012733,46.67504958,1115.761,Global,,,,,,m,,,,,,,,,,,,,,,Global CS,,,,,
676a,,,,,,-114.01266046,46.67504769,1115.968,Global,,,,,,m,,,,,,,,,,,,,,,Global CS,,,,,
677a,,,,,,-114.01258792,46.67504579,1116.212,Global,,,,,,m,,,,,,,,,,,,,,,Global CS,,,,,
680a,,,,,,-114.0123703,46.6750401,1117.014,Global,,,,,,m,,,,,,,,,,,,,,,Global CS,,,,,
681a,,,,,,-114.0130204,46.67510709,1113.671,Global,,,,,,m,,,,,,,,,,,,,,,Global CS,,,,,
682a,,,,,,-114.01294786,46.6751052,1114.004,Global,,,,,,m,,,,,,,,,,,,,,,Global CS,,,,,
688a,,,,,,-114.01251263,46.67509383,1116.246,Global,,,,,,m,,,,,,,,,,,,,,,Global CS,,,,,
689a,,,,,,-114.01244009,46.67509193,1116.543,Global,,,,,,m,,,,,,,,,,,,,,,Global CS,,,,,
690a,,,,,,-114.01236755,46.67509003,1116.833,Global,,,,,,m,,,,,,,,,,,,,,,Global CS,,,,,
691a,,,,,,-114.01301765,46.67515702,1113.129,Global,,,,,,m,,,,,,,,,,,,,,,Global CS,,,,,
692a,,,,,,-114.01294511,46.67515513,1113.529,Global,,,,,,m,,,,,,,,,,,,,,,Global CS,,,,,
693a,,,,,,-114.01287257,46.67515323,1113.889,Global,,,,,,m,,,,,,,,,,,,,,,Global CS,,,,,
694a,,,,,,-114.01280003,46.67515134,1114.451,Global,,,,,,m,,,,,,,,,,,,,,,Global CS,,,,,
696a,,,,,,-114.01265495,46.67514755,1115.462,Global,,,,,,m,,,,,,,,,,,,,,,Global CS,,,,,
698a,,,,,,-114.01250987,46.67514376,1116.086,Global,,,,,,m,,,,,,,,,,,,,,,Global CS,,,,,
699a,,,,,,-114.01243733,46.67514186,1116.26,Global,,,,,,m,,,,,,,,,,,,,,,Global CS,,,,,
700a,,,,,,-114.01236479,46.67513996,1116.593,Global,,,,,,m,,,,,,,,,,,,,,,Global CS,,,,,
701a,,,,,,-114.01229043,46.67648806,1107.821,Global,,,,,,m,,,,,,,,,,,,,,,Global CS,,,,,
702a,,,,,,-114.01221789,46.67648617,1108.456,Global,,,,,,m,,,,,,,,,,,,,,,Global CS,,,,,
707a,,,,,,-114.01185518,46.67647669,1112.706,Global,,,,,,m,,,,,,,,,,,,,,,Global CS,,,,,
710a,,,,,,-114.01163756,46.676471,1115.588,Global,,,,,,m,,,,,,,,,,,,,,,Global CS,,,,,
711a,,,,,,-114.01228767,46.67653799,1106.879,Global,,,,,,m,,,,,,,,,,,,,,,Global CS,,,,,
714a,,,,,,-114.01207005,46.6765323,1110.271,Global,,,,,,m,,,,,,,,,,,,,,,Global CS,,,,,
715a,,,,,,-114.01199751,46.67653041,1111.105,Global,,,,,,m,,,,,,,,,,,,,,,Global CS,,,,,
716a,,,,,,-114.01192497,46.67652851,1111.889,Global,,,,,,m,,,,,,,,,,,,,,,Global CS,,,,,
717a,,,,,,-114.01185243,46.67652661,1112.631,Global,,,,,,m,,,,,,,,,,,,,,,Global CS,,,,,
719a,,,,,,-114.01170735,46.67652282,1114.24,Global,,,,,,m,,,,,,,,,,,,,,,Global CS,,,,,
720a,,,,,,-114.01163481,46.67652093,1115.442,Global,,,,,,m,,,,,,,,,,,,,,,Global CS,,,,,
721a,,,,,,-114.01228492,46.67658792,1106.59,Global,,,,,,m,,,,,,,,,,,,,,,Global CS,,,,,
724a,,,,,,-114.0120673,46.67658223,1110.056,Global,,,,,,m,,,,,,,,,,,,,,,Global CS,,,,,
725a,,,,,,-114.01199476,46.67658034,1110.599,Global,,,,,,m,,,,,,,,,,,,,,,Global CS,,,,,
726a,,,,,,-114.01192221,46.67657844,1111.657,Global,,,,,,m,,,,,,,,,,,,,,,Global CS,,,,,
727a,,,,,,-114.01184967,46.67657654,1112.778,Global,,,,,,m,,,,,,,,,,,,,,,Global CS,,,,,
728a,,,,,,-114.01177713,46.67657465,1113.878,Global,,,,,,m,,,,,,,,,,,,,,,Global CS,,,,,
730a,,,,,,-114.01163205,46.67657086,1115.159,Global,,,,,,m,,,,,,,,,,,,,,,Global CS,,,,,
731a,,,,,,-114.01228217,46.67663785,1106.941,Global,,,,,,m,,,,,,,,,,,,,,,Global CS,,,,,
732a,,,,,,-114.01220963,46.67663595,1107.792,Global,,,,,,m,,,,,,,,,,,,,,,Global CS,,,,,
734a,,,,,,-114.01206454,46.67663216,1109.193,Global,,,,,,m,,,,,,,,,,,,,,,Global CS,,,,,
735a,,,,,,-114.011992,46.67663027,1109.823,Global,,,,,,m,,,,,,,,,,,,,,,Global CS,,,,,
736a,,,,,,-114.01191946,46.67662837,1110.567,Global,,,,,,m,,,,,,,,,,,,,,,Global CS,,,,,
737a,,,,,,-114.01184692,46.67662647,1111.792,Global,,,,,,m,,,,,,,,,,,,,,,Global CS,,,,,
738a,,,,,,-114.01177438,46.67662458,1113.074,Global,,,,,,m,,,,,,,,,,,,,,,Global CS,,,,,
739a,,,,,,-114.01170184,46.67662268,1114.424,Global,,,,,,m,,,,,,,,,,,,,,,Global CS,,,,,
741a,,,,,,-114.01227941,46.67668778,1107.379,Global,,,,,,m,,,,,,,,,,,,,,,Global CS,,,,,
742a,,,,,,-114.01220687,46.67668588,1107.918,Global,,,,,,m,,,,,,,,,,,,,,,Global CS,,,,,
743a,,,,,,-114.01213433,46.67668399,1108.602,Global,,,,,,m,,,,,,,,,,,,,,,Global CS,,,,,
744a,,,,,,-114.01206179,46.67668209,1109.417,Global,,,,,,m,,,,,,,,,,,,,,,Global CS,,,,,
745a,,,,,,-114.01198925,46.6766802,1110.814,Global,,,,,,m,,,,,,,,,,,,,,,Global CS,,,,,
746a,,,,,,-114.01191671,46.6766783,1111.132,Global,,,,,,m,,,,,,,,,,,,,,,Global CS,,,,,
747a,,,,,,-114.01184416,46.6766764,1111.452,Global,,,,,,m,,,,,,,,,,,,,,,Global CS,,,,,
748a,,,,,,-114.01177162,46.67667451,1112.341,Global,,,,,,m,,,,,,,,,,,,,,,Global CS,,,,,
749a,,,,,,-114.01169908,46.67667261,1113.557,Global,,,,,,m,,,,,,,,,,,,,,,Global CS,,,,,
750a,,,,,,-114.01162654,46.67667071,1114.753,Global,,,,,,m,,,,,,,,,,,,,,,Global CS,,,,,
751a,,,,,,-114.01227666,46.67673771,1109.243,Global,,,,,,m,,,,,,,,,,,,,,,Global CS,,,,,
752a,,,,,,-114.01220412,46.67673581,1109.274,Global,,,,,,m,,,,,,,,,,,,,,,Global CS,,,,,
753a,,,,,,-114.01213157,46.67673392,1109.792,Global,,,,,,m,,,,,,,,,,,,,,,Global CS,,,,,
754a,,,,,,-114.01205903,46.67673202,1110.813,Global,,,,,,m,,,,,,,,,,,,,,,Global CS,,,,,
755a,,,,,,-114.01198649,46.67673013,1112.198,Global,,,,,,m,,,,,,,,,,,,,,,Global CS,,,,,
756a,,,,,,-114.01191395,46.67672823,1113.141,Global,,,,,,m,,,,,,,,,,,,,,,Global CS,,,,,
757a,,,,,,-114.01184141,46.67672633,1112.92,Global,,,,,,m,,,,,,,,,,,,,,,Global CS,,,,,
758a,,,,,,-114.01176887,46.67672444,1112.487,Global,,,,,,m,,,,,,,,,,,,,,,Global CS,,,,,
760a,,,,,,-114.01162379,46.67672064,1113.755,Global,,,,,,m,,,,,,,,,,,,,,,Global CS,,,,,
762a,,,,,,-114.01220136,46.67678574,1111.19,Global,,,,,,m,,,,,,,,,,,,,,,Global CS,,,,,
763a,,,,,,-114.01212882,46.67678385,1111.552,Global,,,,,,m,,,,,,,,,,,,,,,Global CS,,,,,
765a,,,,,,-114.01198374,46.67678005,1112.736,Global,,,,,,m,,,,,,,,,,,,,,,Global CS,,,,,
766a,,,,,,-114.0119112,46.67677816,1113.437,Global,,,,,,m,,,,,,,,,,,,,,,Global CS,,,,,
767a,,,,,,-114.01183865,46.67677626,1114.205,Global,,,,,,m,,,,,,,,,,,,,,,Global CS,,,,,
768a,,,,,,-114.01176611,46.67677437,1114.591,Global,,,,,,m,,,,,,,,,,,,,,,Global CS,,,,,
769a,,,,,,-114.01169357,46.67677247,1114.756,Global,,,,,,m,,,,,,,,,,,,,,,Global CS,,,,,
770a,,,,,,-114.01162103,46.67677057,1115.032,Global,,,,,,m,,,,,,,,,,,,,,,Global CS,,,,,
772a,,,,,,-114.01219861,46.67683567,1111.552,Global,,,,,,m,,,,,,,,,,,,,,,Global CS,,,,,
773a,,,,,,-114.01212607,46.67683378,1112.004,Global,,,,,,m,,,,,,,,,,,,,,,Global CS,,,,,
777a,,,,,,-114.0118359,46.67682619,1114.461,Global,,,,,,m,,,,,,,,,,,,,,,Global CS,,,,,
778a,,,,,,-114.01176336,46.6768243,1115.104,Global,,,,,,m,,,,,,,,,,,,,,,Global CS,,,,,
779a,,,,,,-114.01169082,46.6768224,1115.617,Global,,,,,,m,,,,,,,,,,,,,,,Global CS,,,,,
780a,,,,,,-114.01161828,46.6768205,1116.37,Global,,,,,,m,,,,,,,,,,,,,,,Global CS,,,,,
784a,,,,,,-114.01205077,46.67688181,1112.902,Global,,,,,,m,,,,,,,,,,,,,,,Global CS,,,,,
785a,,,,,,-114.01197823,46.67687991,1113.478,Global,,,,,,m,,,,,,,,,,,,,,,Global CS,,,,,
786a,,,,,,-114.01190569,46.67687802,1114.218,Global,,,,,,m,,,,,,,,,,,,,,,Global CS,,,,,
787a,,,,,,-114.01183315,46.67687612,1114.729,Global,,,,,,m,,,,,,,,,,,,,,,Global CS,,,,,
788a,,,,,,-114.0117606,46.67687423,1115.312,Global,,,,,,m,,,,,,,,,,,,,,,Global CS,,,,,
789a,,,,,,-114.01168806,46.67687233,1115.828,Global,,,,,,m,,,,,,,,,,,,,,,Global CS,,,,,
790a,,,,,,-114.01161552,46.67687043,1116.624,Global,,,,,,m,,,,,,,,,,,,,,,Global CS,,,,,
794a,,,,,,-114.01204801,46.67693174,1113.285,Global,,,,,,m,,,,,,,,,,,,,,,Global CS,,,,,
795a,,,,,,-114.01197547,46.67692984,1113.841,Global,,,,,,m,,,,,,,,,,,,,,,Global CS,,,,,
798a,,,,,,-114.01175785,46.67692415,1115.548,Global,,,,,,m,,,,,,,,,,,,,,,Global CS,,,,,
799a,,,,,,-114.01168531,46.67692226,1116.231,Global,,,,,,m,,,,,,,,,,,,,,,Global CS,,,,,
800a,,,,,,-114.01161277,46.67692036,1116.9,Global,,,,,,m,,,,,,,,,,,,,,,Global CS,,,,,
802a,,,,,,-114.0175151,46.67527444,1091.409,Global,,,,,,m,,,,,,,,,,,,,,,Global CS,,,,,
804a,,,,,,-114.01737002,46.67527066,1092.916,Global,,,,,,m,,,,,,,,,,,,,,,Global CS,,,,,
805a,,,,,,-114.01729748,46.67526877,1093.77,Global,,,,,,m,,,,,,,,,,,,,,,Global CS,,,,,
809a,,,,,,-114.01700732,46.6752612,1097.257,Global,,,,,,m,,,,,,,,,,,,,,,Global CS,,,,,
810a,,,,,,-114.01693478,46.6752593,1098.129,Global,,,,,,m,,,,,,,,,,,,,,,Global CS,,,,,
811a,,,,,,-114.01758489,46.67532627,1090.207,Global,,,,,,m,,,,,,,,,,,,,,,Global CS,,,,,
812a,,,,,,-114.01751235,46.67532437,1090.906,Global,,,,,,m,,,,,,,,,,,,,,,Global CS,,,,,
815a,,,,,,-114.01729473,46.6753187,1093.345,Global,,,,,,m,,,,,,,,,,,,,,,Global CS,,,,,
816a,,,,,,-114.01722219,46.6753168,1094.297,Global,,,,,,m,,,,,,,,,,,,,,,Global CS,,,,,
817a,,,,,,-114.01714965,46.67531491,1095.153,Global,,,,,,m,,,,,,,,,,,,,,,Global CS,,,,,
819a,,,,,,-114.01700457,46.67531113,1096.834,Global,,,,,,m,,,,,,,,,,,,,,,Global CS,,,,,
820a,,,,,,-114.01693203,46.67530923,1097.634,Global,,,,,,m,,,,,,,,,,,,,,,Global CS,,,,,
828a,,,,,,-114.01707436,46.67536295,1095.498,Global,,,,,,m,,,,,,,,,,,,,,,Global CS,,,,,
829a,,,,,,-114.01700182,46.67536106,1096.241,Global,,,,,,m,,,,,,,,,,,,,,,Global CS,,,,,
830a,,,,,,-114.01692928,46.67535916,1097.034,Global,,,,,,m,,,,,,,,,,,,,,,Global CS,,,,,
833a,,,,,,-114.01743431,46.67542234,1090.825,Global,,,,,,m,,,,,,,,,,,,,,,Global CS,,,,,
837a,,,,,,-114.01714415,46.67541477,1094.114,Global,,,,,,m,,,,,,,,,,,,,,,Global CS,,,,,
838a,,,,,,-114.01707161,46.67541288,1094.763,Global,,,,,,m,,,,,,,,,,,,,,,Global CS,,,,,
840a,,,,,,-114.01692653,46.67540909,1096.098,Global,,,,,,m,,,,,,,,,,,,,,,Global CS,,,,,
845a,,,,,,-114.01728648,46.67546849,1092.034,Global,,,,,,m,,,,,,,,,,,,,,,Global CS,,,,,
846a,,,,,,-114.01721394,46.67546659,1092.658,Global,,,,,,m,,,,,,,,,,,,,,,Global CS,,,,,
847a,,,,,,-114.0171414,46.6754647,1093.415,Global,,,,,,m,,,,,,,,,,,,,,,Global CS,,,,,
848a,,,,,,-114.01706886,46.67546281,1094.147,Global,,,,,,m,,,,,,,,,,,,,,,Global CS,,,,,
851a,,,,,,-114.01757389,46.67552599,1088.459,Global,,,,,,m,,,,,,,,,,,,,,,Global CS,,,,,
852a,,,,,,-114.01750135,46.67552409,1089.087,Global,,,,,,m,,,,,,,,,,,,,,,Global CS,,,,,
853a,,,,,,-114.01742881,46.6755222,1089.994,Global,,,,,,m,,,,,,,,,,,,,,,Global CS,,,,,
855a,,,,,,-114.01728373,46.67551842,1091.505,Global,,,,,,m,,,,,,,,,,,,,,,Global CS,,,,,
856a,,,,,,-114.01721119,46.67551652,1092.27,Global,,,,,,m,,,,,,,,,,,,,,,Global CS,,,,,
859a,,,,,,-114.01699357,46.67551085,1094.139,Global,,,,,,m,,,,,,,,,,,,,,,Global CS,,,,,
865a,,,,,,-114.01728098,46.67556835,1091.007,Global,,,,,,m,,,,,,,,,,,,,,,Global CS,,,,,
866a,,,,,,-114.01720844,46.67556645,1091.794,Global,,,,,,m,,,,,,,,,,,,,,,Global CS,,,,,
868a,,,,,,-114.01706336,46.67556267,1093.163,Global,,,,,,m,,,,,,,,,,,,,,,Global CS,,,,,
871a,,,,,,-114.01756839,46.67562585,1087.512,Global,,,,,,m,,,,,,,,,,,,,,,Global CS,,,,,
873a,,,,,,-114.01742331,46.67562206,1088.956,Global,,,,,,m,,,,,,,,,,,,,,,Global CS,,,,,
874a,,,,,,-114.01735077,46.67562017,1089.679,Global,,,,,,m,,,,,,,,,,,,,,,Global CS,,,,,
875a,,,,,,-114.01727823,46.67561828,1090.66,Global,,,,,,m,,,,,,,,,,,,,,,Global CS,,,,,
876a,,,,,,-114.01720569,46.67561638,1091.489,Global,,,,,,m,,,,,,,,,,,,,,,Global CS,,,,,
877a,,,,,,-114.01713315,46.67561449,1092.299,Global,,,,,,m,,,,,,,,,,,,,,,Global CS,,,,,
879a,,,,,,-114.01698807,46.6756107,1093.232,Global,,,,,,m,,,,,,,,,,,,,,,Global CS,,,,,
884a,,,,,,-114.01734802,46.6756701,1089.135,Global,,,,,,m,,,,,,,,,,,,,,,Global CS,,,,,
886a,,,,,,-114.01720294,46.67566631,1090.937,Global,,,,,,m,,,,,,,,,,,,,,,Global CS,,,,,
888a,,,,,,-114.01705786,46.67566253,1092.375,Global,,,,,,m,,,,,,,,,,,,,,,Global CS,,,,,
889a,,,,,,-114.01698532,46.67566063,1092.806,Global,,,,,,m,,,,,,,,,,,,,,,Global CS,,,,,
891a,,,,,,-114.01756289,46.67572571,1086.71,Global,,,,,,m,,,,,,,,,,,,,,,Global CS,,,,,
894a,,,,,,-114.01734527,46.67572003,1088.709,Global,,,,,,m,,,,,,,,,,,,,,,Global CS,,,,,
895a,,,,,,-114.01727273,46.67571813,1089.4,Global,,,,,,m,,,,,,,,,,,,,,,Global CS,,,,,
896a,,,,,,-114.01720019,46.67571624,1090.182,Global,,,,,,m,,,,,,,,,,,,,,,Global CS,,,,,
897a,,,,,,-114.01712765,46.67571435,1090.954,Global,,,,,,m,,,,,,,,,,,,,,,Global CS,,,,,
898a,,,,,,-114.01705511,46.67571246,1091.735,Global,,,,,,m,,,,,,,,,,,,,,,Global CS,,,,,
900a,,,,,,-114.01691003,46.67570867,1092.817,Global,,,,,,m,,,,,,,,,,,,,,,Global CS,,,,,
